{
  "paired_t": 0.0382,
  "p_ttest": 0.969544,
  "wilcoxon_w": 3214.5,
  "p_wilcoxon": 0.622896,
  "cohens_d": 0.003
}