{
  "paired_t": 0.6934,
  "p_ttest": 0.488764,
  "wilcoxon_w": 1076.0,
  "p_wilcoxon": 0.850525,
  "cohens_d": 0.0465
}