gt_row_id,paper_id,verdict,ai_row_id,basis,confidence
gt__bharti_2013__r0,bharti_2013,AMBIGUOUS,,"GT 'Soil' block (study_id=40, obs 206-225, 20 rows) corresponds to AI's 20 even-indexed 'Soil' rows (10 cultivars x 2 years, 2009/2010). GT carries no cultivar/year disambiguator, so the specific AI cell cannot be assigned without guessing.",med
gt__bharti_2013__r1,bharti_2013,AMBIGUOUS,,GT 'Soil' block (study_id=40) maps to AI 20 even-indexed 'Soil' rows (10 cv x 2 yr); no per-row disambiguator in GT.,med
gt__bharti_2013__r2,bharti_2013,AMBIGUOUS,,GT 'Soil' block maps to AI 'Soil' rows; no per-row disambiguator.,med
gt__bharti_2013__r3,bharti_2013,AMBIGUOUS,,GT 'Soil' block maps to AI 'Soil' rows; no per-row disambiguator.,med
gt__bharti_2013__r4,bharti_2013,AMBIGUOUS,,GT 'Soil' block maps to AI 'Soil' rows; no per-row disambiguator.,med
gt__bharti_2013__r5,bharti_2013,AMBIGUOUS,,GT 'Soil' block maps to AI 'Soil' rows; no per-row disambiguator.,med
gt__bharti_2013__r6,bharti_2013,AMBIGUOUS,,GT 'Soil' block maps to AI 'Soil' rows; no per-row disambiguator.,med
gt__bharti_2013__r7,bharti_2013,AMBIGUOUS,,GT 'Soil' block maps to AI 'Soil' rows; no per-row disambiguator.,med
gt__bharti_2013__r8,bharti_2013,AMBIGUOUS,,GT 'Soil' block maps to AI 'Soil' rows; no per-row disambiguator.,med
gt__bharti_2013__r9,bharti_2013,AMBIGUOUS,,GT 'Soil' block maps to AI 'Soil' rows; no per-row disambiguator.,med
gt__bharti_2013__r10,bharti_2013,AMBIGUOUS,,GT 'Soil' block maps to AI 'Soil' rows; no per-row disambiguator.,med
gt__bharti_2013__r11,bharti_2013,AMBIGUOUS,,GT 'Soil' block maps to AI 'Soil' rows; no per-row disambiguator.,med
gt__bharti_2013__r12,bharti_2013,AMBIGUOUS,,GT 'Soil' block maps to AI 'Soil' rows; no per-row disambiguator.,med
gt__bharti_2013__r13,bharti_2013,AMBIGUOUS,,GT 'Soil' block maps to AI 'Soil' rows; no per-row disambiguator.,med
gt__bharti_2013__r14,bharti_2013,AMBIGUOUS,,GT 'Soil' block maps to AI 'Soil' rows; no per-row disambiguator.,med
gt__bharti_2013__r15,bharti_2013,AMBIGUOUS,,GT 'Soil' block maps to AI 'Soil' rows; no per-row disambiguator.,med
gt__bharti_2013__r16,bharti_2013,AMBIGUOUS,,GT 'Soil' block maps to AI 'Soil' rows; no per-row disambiguator.,med
gt__bharti_2013__r17,bharti_2013,AMBIGUOUS,,GT 'Soil' block maps to AI 'Soil' rows; no per-row disambiguator.,med
gt__bharti_2013__r18,bharti_2013,AMBIGUOUS,,GT 'Soil' block maps to AI 'Soil' rows; no per-row disambiguator.,med
gt__bharti_2013__r19,bharti_2013,AMBIGUOUS,,GT 'Soil' block maps to AI 'Soil' rows; no per-row disambiguator.,med
gt__bharti_2013__r20,bharti_2013,AMBIGUOUS,,"GT 'Soil+Foliar' block (study_id=14, obs 59-78, 20 rows) corresponds to AI's 20 odd-indexed 'Soil+Foliar' rows (10 cultivars x 2 years). No per-row cultivar/year disambiguator in GT.",med
gt__bharti_2013__r21,bharti_2013,AMBIGUOUS,,GT 'Soil+Foliar' block maps to AI 'Soil+Foliar' rows; no per-row disambiguator.,med
gt__bharti_2013__r22,bharti_2013,AMBIGUOUS,,GT 'Soil+Foliar' block maps to AI 'Soil+Foliar' rows; no per-row disambiguator.,med
gt__bharti_2013__r23,bharti_2013,AMBIGUOUS,,GT 'Soil+Foliar' block maps to AI 'Soil+Foliar' rows; no per-row disambiguator.,med
gt__bharti_2013__r24,bharti_2013,AMBIGUOUS,,GT 'Soil+Foliar' block maps to AI 'Soil+Foliar' rows; no per-row disambiguator.,med
gt__bharti_2013__r25,bharti_2013,AMBIGUOUS,,GT 'Soil+Foliar' block maps to AI 'Soil+Foliar' rows; no per-row disambiguator.,med
gt__bharti_2013__r26,bharti_2013,AMBIGUOUS,,GT 'Soil+Foliar' block maps to AI 'Soil+Foliar' rows; no per-row disambiguator.,med
gt__bharti_2013__r27,bharti_2013,AMBIGUOUS,,GT 'Soil+Foliar' block maps to AI 'Soil+Foliar' rows; no per-row disambiguator.,med
gt__bharti_2013__r28,bharti_2013,AMBIGUOUS,,GT 'Soil+Foliar' block maps to AI 'Soil+Foliar' rows; no per-row disambiguator.,med
gt__bharti_2013__r29,bharti_2013,AMBIGUOUS,,GT 'Soil+Foliar' block maps to AI 'Soil+Foliar' rows; no per-row disambiguator.,med
gt__bharti_2013__r30,bharti_2013,AMBIGUOUS,,GT 'Soil+Foliar' block maps to AI 'Soil+Foliar' rows; no per-row disambiguator.,med
gt__bharti_2013__r31,bharti_2013,AMBIGUOUS,,GT 'Soil+Foliar' block maps to AI 'Soil+Foliar' rows; no per-row disambiguator.,med
gt__bharti_2013__r32,bharti_2013,AMBIGUOUS,,GT 'Soil+Foliar' block maps to AI 'Soil+Foliar' rows; no per-row disambiguator.,med
gt__bharti_2013__r33,bharti_2013,AMBIGUOUS,,GT 'Soil+Foliar' block maps to AI 'Soil+Foliar' rows; no per-row disambiguator.,med
gt__bharti_2013__r34,bharti_2013,AMBIGUOUS,,GT 'Soil+Foliar' block maps to AI 'Soil+Foliar' rows; no per-row disambiguator.,med
gt__bharti_2013__r35,bharti_2013,AMBIGUOUS,,GT 'Soil+Foliar' block maps to AI 'Soil+Foliar' rows; no per-row disambiguator.,med
gt__bharti_2013__r36,bharti_2013,AMBIGUOUS,,GT 'Soil+Foliar' block maps to AI 'Soil+Foliar' rows; no per-row disambiguator.,med
gt__bharti_2013__r37,bharti_2013,AMBIGUOUS,,GT 'Soil+Foliar' block maps to AI 'Soil+Foliar' rows; no per-row disambiguator.,med
gt__bharti_2013__r38,bharti_2013,AMBIGUOUS,,GT 'Soil+Foliar' block maps to AI 'Soil+Foliar' rows; no per-row disambiguator.,med
gt__bharti_2013__r39,bharti_2013,AMBIGUOUS,,GT 'Soil+Foliar' block maps to AI 'Soil+Foliar' rows; no per-row disambiguator.,med
gt__cakmak_1997__r0,cakmak_1997,NO_MATCH,,"GT references Cakmak et al. 1997 (study_id=44, Turkey, 'Differential response', all Soil application). The AI extracted from PDF '44_Cakmak_1997.pdf', which is actually a DIFFERENT paper (Gomez-Coronado et al. 2016, Plant Soil 401:331-346, Portugal, INIAV cultivars, Soil/Foliar/Soil+Foliar). AI rows describe that wrong study and even carry hallucinated cv 'INIAV-1'; none correspond to the real Cakmak 1997 Turkey study.",high
gt__cakmak_1997__r1,cakmak_1997,NO_MATCH,,GT = Cakmak 1997 Turkey Soil; AI extracted wrong paper (Gomez-Coronado 2016 Portugal). No valid counterpart.,high
gt__cakmak_1997__r2,cakmak_1997,NO_MATCH,,GT = Cakmak 1997 Turkey Soil; AI extracted wrong paper (Gomez-Coronado 2016 Portugal). No valid counterpart.,high
gt__cakmak_1997__r3,cakmak_1997,NO_MATCH,,GT = Cakmak 1997 Turkey Soil; AI extracted wrong paper (Gomez-Coronado 2016 Portugal). No valid counterpart.,high
gt__cakmak_1997__r4,cakmak_1997,NO_MATCH,,GT = Cakmak 1997 Turkey Soil; AI extracted wrong paper (Gomez-Coronado 2016 Portugal). No valid counterpart.,high
gt__chattha_2017__r0,chattha_2017,AMBIGUOUS,,"GT 'Soil' block (study_id=45, obs 316-321, 6 rows) corresponds to AI Table 3 'Soil' per-cultivar rows (3 cultivars Faisalabad-2008/Punjab-2011/Millet-2011 x 2 occurrences = ai_9,13,17,21,25,29). GT has no cultivar/year disambiguator, so the specific AI cell cannot be assigned without guessing. GT does not include AI's 'Seed' treatment level.",med
gt__chattha_2017__r1,chattha_2017,AMBIGUOUS,,"GT 'Soil' block maps to AI Table 3 Soil rows (ai_9,13,17,21,25,29); no per-row disambiguator.",med
gt__chattha_2017__r2,chattha_2017,AMBIGUOUS,,GT 'Soil' block maps to AI Table 3 Soil rows; no per-row disambiguator.,med
gt__chattha_2017__r3,chattha_2017,AMBIGUOUS,,GT 'Soil' block maps to AI Table 3 Soil rows; no per-row disambiguator.,med
gt__chattha_2017__r4,chattha_2017,AMBIGUOUS,,GT 'Soil' block maps to AI Table 3 Soil rows; no per-row disambiguator.,med
gt__chattha_2017__r5,chattha_2017,AMBIGUOUS,,GT 'Soil' block maps to AI Table 3 Soil rows; no per-row disambiguator.,med
gt__chattha_2017__r6,chattha_2017,AMBIGUOUS,,"GT 'Foliar' block (study_id=43, obs 410-415, 6 rows) corresponds to AI Table 3 'Foliar' per-cultivar rows (ai_10,14,18,22,26,30). No per-row cultivar/year disambiguator in GT.",med
gt__chattha_2017__r7,chattha_2017,AMBIGUOUS,,"GT 'Foliar' block maps to AI Table 3 Foliar rows (ai_10,14,18,22,26,30); no per-row disambiguator.",med
gt__chattha_2017__r8,chattha_2017,AMBIGUOUS,,GT 'Foliar' block maps to AI Table 3 Foliar rows; no per-row disambiguator.,med
gt__chattha_2017__r9,chattha_2017,AMBIGUOUS,,GT 'Foliar' block maps to AI Table 3 Foliar rows; no per-row disambiguator.,med
gt__chattha_2017__r10,chattha_2017,AMBIGUOUS,,GT 'Foliar' block maps to AI Table 3 Foliar rows; no per-row disambiguator.,med
gt__chattha_2017__r11,chattha_2017,AMBIGUOUS,,GT 'Foliar' block maps to AI Table 3 Foliar rows; no per-row disambiguator.,med
gt__chattha_2017__r12,chattha_2017,AMBIGUOUS,,"GT 'Soil+Foliar' block (study_id=15, obs 79-84, 6 rows) corresponds to AI Table 3 'Soil+Foliar' per-cultivar rows (ai_11,15,19,23,27,31). No per-row cultivar/year disambiguator in GT.",med
gt__chattha_2017__r13,chattha_2017,AMBIGUOUS,,"GT 'Soil+Foliar' block maps to AI Table 3 Soil+Foliar rows (ai_11,15,19,23,27,31); no per-row disambiguator.",med
gt__chattha_2017__r14,chattha_2017,AMBIGUOUS,,GT 'Soil+Foliar' block maps to AI Table 3 Soil+Foliar rows; no per-row disambiguator.,med
gt__chattha_2017__r15,chattha_2017,AMBIGUOUS,,GT 'Soil+Foliar' block maps to AI Table 3 Soil+Foliar rows; no per-row disambiguator.,med
gt__chattha_2017__r16,chattha_2017,AMBIGUOUS,,GT 'Soil+Foliar' block maps to AI Table 3 Soil+Foliar rows; no per-row disambiguator.,med
gt__chattha_2017__r17,chattha_2017,AMBIGUOUS,,GT 'Soil+Foliar' block maps to AI Table 3 Soil+Foliar rows; no per-row disambiguator.,med
gt__dong_2018__r0,dong_2018,AMBIGUOUS,,"GT 'Foliar', co_amendment=none (study_id=8/31, obs 69-70, 2 rows) corresponds to AI's Zn-alone foliar cells (co_amendment=none): ai_0 (Table 2 aggregate) plus Table 3 ai_10/12/14/16/18/20/22/24/26/28/30/32 (4 cultivars x 3 N rates of 75/200/275). GT collapses this to only 2 observations with no cultivar/N-rate disambiguator, so the specific AI cell(s) cannot be assigned without guessing. The Zn+sucrose AI rows are correctly excluded (GT co_amendment=none).",low
gt__dong_2018__r1,dong_2018,AMBIGUOUS,,"GT 'Foliar', co_amendment=none (study_id=8/31, obs 70) maps to AI Zn-alone foliar cells (ai_0 + Table 3 none-rows); GT aggregated to 2 rows with no cultivar/N-rate disambiguator.",low
gt__erdal_2002__r0,erdal_2002,AMBIGUOUS,,"GT 'Soil' block (study_id=50, obs 337-356, 20 rows) exactly matches AI's 20 'Soil' rows, each a distinct cultivar (Kirac 66, Bolal 2973, Gerek 79, Atay-85, ES-14, Gun-91, Kirkpinar, Partizanka, P. Niska, Katea, Bezostaja, Dagdas, BDME-10, Zitarka, ES 90-3, ES 90-11, ES 90-14, ES 90-8-1, Kunduru, Kiziltan). Counts align 20=20, but GT carries no cultivar disambiguator, so the specific AI cultivar cannot be assigned to a given obs_id without guessing.",med
gt__erdal_2002__r1,erdal_2002,AMBIGUOUS,,GT 'Soil' block (20 rows) matches AI 20 Soil cultivar rows; no per-row cultivar disambiguator in GT.,med
gt__erdal_2002__r2,erdal_2002,AMBIGUOUS,,GT 'Soil' block matches AI Soil cultivar rows; no per-row disambiguator.,med
gt__erdal_2002__r3,erdal_2002,AMBIGUOUS,,GT 'Soil' block matches AI Soil cultivar rows; no per-row disambiguator.,med
gt__erdal_2002__r4,erdal_2002,AMBIGUOUS,,GT 'Soil' block matches AI Soil cultivar rows; no per-row disambiguator.,med
gt__erdal_2002__r5,erdal_2002,AMBIGUOUS,,GT 'Soil' block matches AI Soil cultivar rows; no per-row disambiguator.,med
gt__erdal_2002__r6,erdal_2002,AMBIGUOUS,,GT 'Soil' block matches AI Soil cultivar rows; no per-row disambiguator.,med
gt__erdal_2002__r7,erdal_2002,AMBIGUOUS,,GT 'Soil' block matches AI Soil cultivar rows; no per-row disambiguator.,med
gt__erdal_2002__r8,erdal_2002,AMBIGUOUS,,GT 'Soil' block matches AI Soil cultivar rows; no per-row disambiguator.,med
gt__erdal_2002__r9,erdal_2002,AMBIGUOUS,,GT 'Soil' block matches AI Soil cultivar rows; no per-row disambiguator.,med
gt__erdal_2002__r10,erdal_2002,AMBIGUOUS,,GT 'Soil' block matches AI Soil cultivar rows; no per-row disambiguator.,med
gt__erdal_2002__r11,erdal_2002,AMBIGUOUS,,GT 'Soil' block matches AI Soil cultivar rows; no per-row disambiguator.,med
gt__erdal_2002__r12,erdal_2002,AMBIGUOUS,,GT 'Soil' block matches AI Soil cultivar rows; no per-row disambiguator.,med
gt__erdal_2002__r13,erdal_2002,AMBIGUOUS,,GT 'Soil' block matches AI Soil cultivar rows; no per-row disambiguator.,med
gt__erdal_2002__r14,erdal_2002,AMBIGUOUS,,GT 'Soil' block matches AI Soil cultivar rows; no per-row disambiguator.,med
gt__erdal_2002__r15,erdal_2002,AMBIGUOUS,,GT 'Soil' block matches AI Soil cultivar rows; no per-row disambiguator.,med
gt__erdal_2002__r16,erdal_2002,AMBIGUOUS,,GT 'Soil' block matches AI Soil cultivar rows; no per-row disambiguator.,med
gt__erdal_2002__r17,erdal_2002,AMBIGUOUS,,GT 'Soil' block matches AI Soil cultivar rows; no per-row disambiguator.,med
gt__erdal_2002__r18,erdal_2002,AMBIGUOUS,,GT 'Soil' block matches AI Soil cultivar rows; no per-row disambiguator.,med
gt__erdal_2002__r19,erdal_2002,AMBIGUOUS,,GT 'Soil' block matches AI Soil cultivar rows; no per-row disambiguator.,med
gt__forster_2018__r0,forster_2018,MATCH,forster_2018__ai__2,"GT r0 is the only Soil-placement row; AI ai__2 is the only Soil row (ZnSO4 broadcast at planting, 12 kg Zn/ha, Table 3). Unique treatment_level match.",high
gt__forster_2018__r1,forster_2018,AMBIGUOUS,,"GT r1-r5 are 5 Foliar rows with no application-timing descriptor. AI has exactly 5 Foliar Zn-EDTA rows differing only by Feekes timing (ai__4 F10, ai__7 F4, ai__8 F10, ai__9 F11.1, ai__10 F10.54). Set-level 5-to-5 correspondence is clean, but GT carries no within-study disambiguator to bind a specific obs_id to a specific Feekes stage.",low
gt__forster_2018__r2,forster_2018,AMBIGUOUS,,One of 5 indistinguishable Foliar GT rows; AI foliar candidates ai__4/ai__7/ai__8/ai__9/ai__10 differ only by Feekes timing not present in GT descriptors.,low
gt__forster_2018__r3,forster_2018,AMBIGUOUS,,One of 5 indistinguishable Foliar GT rows; AI foliar candidates ai__4/ai__7/ai__8/ai__9/ai__10 differ only by Feekes timing not present in GT descriptors.,low
gt__forster_2018__r4,forster_2018,AMBIGUOUS,,One of 5 indistinguishable Foliar GT rows; AI foliar candidates ai__4/ai__7/ai__8/ai__9/ai__10 differ only by Feekes timing not present in GT descriptors.,low
gt__forster_2018__r5,forster_2018,AMBIGUOUS,,One of 5 indistinguishable Foliar GT rows; AI foliar candidates ai__4/ai__7/ai__8/ai__9/ai__10 differ only by Feekes timing not present in GT descriptors.,low
gt__ghasal_2017__r0,ghasal_2017,NO_MATCH,,GT r0 is a Soil-application grain_zn row. AI extracted ZERO rows for ghasal_2017 (file contains header only).,high
gt__ghasal_2017__r1,ghasal_2017,NO_MATCH,,GT r1 is a Soil-application grain_zn row. AI extracted ZERO rows for ghasal_2017.,high
gt__ghasal_2017__r2,ghasal_2017,NO_MATCH,,GT r2 is a Soil+Foliar grain_zn row. AI extracted ZERO rows for ghasal_2017.,high
gt__ghasal_2017__r3,ghasal_2017,NO_MATCH,,GT r3 is a Soil+Foliar grain_zn row. AI extracted ZERO rows for ghasal_2017.,high
gt__kalayci_1999__r0,kalayci_1999,AMBIGUOUS,,"GT Soil grain_zn row. Paper Table 2 reports grain Zn for 40 cultivars x 2 years (+Zn vs -Zn); GT has 78 such cells but each GT row carries ONLY treatment_level=Soil with no cultivar/year descriptor. AI extracted just 4 cultivar-by-year cells (ai__1 Sertak52 1993-94, ai__2 Sertak52 1994-95, ai__3 Kirac66 1994-95, ai__4 Gun91 1993-94). No within-GT disambiguator (cultivar/year) exists to bind a specific obs_id to a specific AI cell.",low
gt__kalayci_1999__r1,kalayci_1999,AMBIGUOUS,,"GT Soil grain_zn row. Paper Table 2 reports grain Zn for 40 cultivars x 2 years (+Zn vs -Zn); GT has 78 such cells but each GT row carries ONLY treatment_level=Soil with no cultivar/year descriptor. AI extracted just 4 cultivar-by-year cells (ai__1 Sertak52 1993-94, ai__2 Sertak52 1994-95, ai__3 Kirac66 1994-95, ai__4 Gun91 1993-94). No within-GT disambiguator (cultivar/year) exists to bind a specific obs_id to a specific AI cell.",low
gt__kalayci_1999__r2,kalayci_1999,AMBIGUOUS,,"GT Soil grain_zn row. Paper Table 2 reports grain Zn for 40 cultivars x 2 years (+Zn vs -Zn); GT has 78 such cells but each GT row carries ONLY treatment_level=Soil with no cultivar/year descriptor. AI extracted just 4 cultivar-by-year cells (ai__1 Sertak52 1993-94, ai__2 Sertak52 1994-95, ai__3 Kirac66 1994-95, ai__4 Gun91 1993-94). No within-GT disambiguator (cultivar/year) exists to bind a specific obs_id to a specific AI cell.",low
gt__kalayci_1999__r3,kalayci_1999,AMBIGUOUS,,"GT Soil grain_zn row. Paper Table 2 reports grain Zn for 40 cultivars x 2 years (+Zn vs -Zn); GT has 78 such cells but each GT row carries ONLY treatment_level=Soil with no cultivar/year descriptor. AI extracted just 4 cultivar-by-year cells (ai__1 Sertak52 1993-94, ai__2 Sertak52 1994-95, ai__3 Kirac66 1994-95, ai__4 Gun91 1993-94). No within-GT disambiguator (cultivar/year) exists to bind a specific obs_id to a specific AI cell.",low
gt__kalayci_1999__r4,kalayci_1999,AMBIGUOUS,,"GT Soil grain_zn row. Paper Table 2 reports grain Zn for 40 cultivars x 2 years (+Zn vs -Zn); GT has 78 such cells but each GT row carries ONLY treatment_level=Soil with no cultivar/year descriptor. AI extracted just 4 cultivar-by-year cells (ai__1 Sertak52 1993-94, ai__2 Sertak52 1994-95, ai__3 Kirac66 1994-95, ai__4 Gun91 1993-94). No within-GT disambiguator (cultivar/year) exists to bind a specific obs_id to a specific AI cell.",low
gt__kalayci_1999__r5,kalayci_1999,AMBIGUOUS,,"GT Soil grain_zn row. Paper Table 2 reports grain Zn for 40 cultivars x 2 years (+Zn vs -Zn); GT has 78 such cells but each GT row carries ONLY treatment_level=Soil with no cultivar/year descriptor. AI extracted just 4 cultivar-by-year cells (ai__1 Sertak52 1993-94, ai__2 Sertak52 1994-95, ai__3 Kirac66 1994-95, ai__4 Gun91 1993-94). No within-GT disambiguator (cultivar/year) exists to bind a specific obs_id to a specific AI cell.",low
gt__kalayci_1999__r6,kalayci_1999,AMBIGUOUS,,"GT Soil grain_zn row. Paper Table 2 reports grain Zn for 40 cultivars x 2 years (+Zn vs -Zn); GT has 78 such cells but each GT row carries ONLY treatment_level=Soil with no cultivar/year descriptor. AI extracted just 4 cultivar-by-year cells (ai__1 Sertak52 1993-94, ai__2 Sertak52 1994-95, ai__3 Kirac66 1994-95, ai__4 Gun91 1993-94). No within-GT disambiguator (cultivar/year) exists to bind a specific obs_id to a specific AI cell.",low
gt__kalayci_1999__r7,kalayci_1999,AMBIGUOUS,,"GT Soil grain_zn row. Paper Table 2 reports grain Zn for 40 cultivars x 2 years (+Zn vs -Zn); GT has 78 such cells but each GT row carries ONLY treatment_level=Soil with no cultivar/year descriptor. AI extracted just 4 cultivar-by-year cells (ai__1 Sertak52 1993-94, ai__2 Sertak52 1994-95, ai__3 Kirac66 1994-95, ai__4 Gun91 1993-94). No within-GT disambiguator (cultivar/year) exists to bind a specific obs_id to a specific AI cell.",low
gt__kalayci_1999__r8,kalayci_1999,AMBIGUOUS,,"GT Soil grain_zn row. Paper Table 2 reports grain Zn for 40 cultivars x 2 years (+Zn vs -Zn); GT has 78 such cells but each GT row carries ONLY treatment_level=Soil with no cultivar/year descriptor. AI extracted just 4 cultivar-by-year cells (ai__1 Sertak52 1993-94, ai__2 Sertak52 1994-95, ai__3 Kirac66 1994-95, ai__4 Gun91 1993-94). No within-GT disambiguator (cultivar/year) exists to bind a specific obs_id to a specific AI cell.",low
gt__kalayci_1999__r9,kalayci_1999,AMBIGUOUS,,"GT Soil grain_zn row. Paper Table 2 reports grain Zn for 40 cultivars x 2 years (+Zn vs -Zn); GT has 78 such cells but each GT row carries ONLY treatment_level=Soil with no cultivar/year descriptor. AI extracted just 4 cultivar-by-year cells (ai__1 Sertak52 1993-94, ai__2 Sertak52 1994-95, ai__3 Kirac66 1994-95, ai__4 Gun91 1993-94). No within-GT disambiguator (cultivar/year) exists to bind a specific obs_id to a specific AI cell.",low
gt__kalayci_1999__r10,kalayci_1999,AMBIGUOUS,,"GT Soil grain_zn row. Paper Table 2 reports grain Zn for 40 cultivars x 2 years (+Zn vs -Zn); GT has 78 such cells but each GT row carries ONLY treatment_level=Soil with no cultivar/year descriptor. AI extracted just 4 cultivar-by-year cells (ai__1 Sertak52 1993-94, ai__2 Sertak52 1994-95, ai__3 Kirac66 1994-95, ai__4 Gun91 1993-94). No within-GT disambiguator (cultivar/year) exists to bind a specific obs_id to a specific AI cell.",low
gt__kalayci_1999__r11,kalayci_1999,AMBIGUOUS,,"GT Soil grain_zn row. Paper Table 2 reports grain Zn for 40 cultivars x 2 years (+Zn vs -Zn); GT has 78 such cells but each GT row carries ONLY treatment_level=Soil with no cultivar/year descriptor. AI extracted just 4 cultivar-by-year cells (ai__1 Sertak52 1993-94, ai__2 Sertak52 1994-95, ai__3 Kirac66 1994-95, ai__4 Gun91 1993-94). No within-GT disambiguator (cultivar/year) exists to bind a specific obs_id to a specific AI cell.",low
gt__kalayci_1999__r12,kalayci_1999,AMBIGUOUS,,"GT Soil grain_zn row. Paper Table 2 reports grain Zn for 40 cultivars x 2 years (+Zn vs -Zn); GT has 78 such cells but each GT row carries ONLY treatment_level=Soil with no cultivar/year descriptor. AI extracted just 4 cultivar-by-year cells (ai__1 Sertak52 1993-94, ai__2 Sertak52 1994-95, ai__3 Kirac66 1994-95, ai__4 Gun91 1993-94). No within-GT disambiguator (cultivar/year) exists to bind a specific obs_id to a specific AI cell.",low
gt__kalayci_1999__r13,kalayci_1999,AMBIGUOUS,,"GT Soil grain_zn row. Paper Table 2 reports grain Zn for 40 cultivars x 2 years (+Zn vs -Zn); GT has 78 such cells but each GT row carries ONLY treatment_level=Soil with no cultivar/year descriptor. AI extracted just 4 cultivar-by-year cells (ai__1 Sertak52 1993-94, ai__2 Sertak52 1994-95, ai__3 Kirac66 1994-95, ai__4 Gun91 1993-94). No within-GT disambiguator (cultivar/year) exists to bind a specific obs_id to a specific AI cell.",low
gt__kalayci_1999__r14,kalayci_1999,AMBIGUOUS,,"GT Soil grain_zn row. Paper Table 2 reports grain Zn for 40 cultivars x 2 years (+Zn vs -Zn); GT has 78 such cells but each GT row carries ONLY treatment_level=Soil with no cultivar/year descriptor. AI extracted just 4 cultivar-by-year cells (ai__1 Sertak52 1993-94, ai__2 Sertak52 1994-95, ai__3 Kirac66 1994-95, ai__4 Gun91 1993-94). No within-GT disambiguator (cultivar/year) exists to bind a specific obs_id to a specific AI cell.",low
gt__kalayci_1999__r15,kalayci_1999,AMBIGUOUS,,"GT Soil grain_zn row. Paper Table 2 reports grain Zn for 40 cultivars x 2 years (+Zn vs -Zn); GT has 78 such cells but each GT row carries ONLY treatment_level=Soil with no cultivar/year descriptor. AI extracted just 4 cultivar-by-year cells (ai__1 Sertak52 1993-94, ai__2 Sertak52 1994-95, ai__3 Kirac66 1994-95, ai__4 Gun91 1993-94). No within-GT disambiguator (cultivar/year) exists to bind a specific obs_id to a specific AI cell.",low
gt__kalayci_1999__r16,kalayci_1999,AMBIGUOUS,,"GT Soil grain_zn row. Paper Table 2 reports grain Zn for 40 cultivars x 2 years (+Zn vs -Zn); GT has 78 such cells but each GT row carries ONLY treatment_level=Soil with no cultivar/year descriptor. AI extracted just 4 cultivar-by-year cells (ai__1 Sertak52 1993-94, ai__2 Sertak52 1994-95, ai__3 Kirac66 1994-95, ai__4 Gun91 1993-94). No within-GT disambiguator (cultivar/year) exists to bind a specific obs_id to a specific AI cell.",low
gt__kalayci_1999__r17,kalayci_1999,AMBIGUOUS,,"GT Soil grain_zn row. Paper Table 2 reports grain Zn for 40 cultivars x 2 years (+Zn vs -Zn); GT has 78 such cells but each GT row carries ONLY treatment_level=Soil with no cultivar/year descriptor. AI extracted just 4 cultivar-by-year cells (ai__1 Sertak52 1993-94, ai__2 Sertak52 1994-95, ai__3 Kirac66 1994-95, ai__4 Gun91 1993-94). No within-GT disambiguator (cultivar/year) exists to bind a specific obs_id to a specific AI cell.",low
gt__kalayci_1999__r18,kalayci_1999,AMBIGUOUS,,"GT Soil grain_zn row. Paper Table 2 reports grain Zn for 40 cultivars x 2 years (+Zn vs -Zn); GT has 78 such cells but each GT row carries ONLY treatment_level=Soil with no cultivar/year descriptor. AI extracted just 4 cultivar-by-year cells (ai__1 Sertak52 1993-94, ai__2 Sertak52 1994-95, ai__3 Kirac66 1994-95, ai__4 Gun91 1993-94). No within-GT disambiguator (cultivar/year) exists to bind a specific obs_id to a specific AI cell.",low
gt__kalayci_1999__r19,kalayci_1999,AMBIGUOUS,,"GT Soil grain_zn row. Paper Table 2 reports grain Zn for 40 cultivars x 2 years (+Zn vs -Zn); GT has 78 such cells but each GT row carries ONLY treatment_level=Soil with no cultivar/year descriptor. AI extracted just 4 cultivar-by-year cells (ai__1 Sertak52 1993-94, ai__2 Sertak52 1994-95, ai__3 Kirac66 1994-95, ai__4 Gun91 1993-94). No within-GT disambiguator (cultivar/year) exists to bind a specific obs_id to a specific AI cell.",low
gt__kalayci_1999__r20,kalayci_1999,AMBIGUOUS,,"GT Soil grain_zn row. Paper Table 2 reports grain Zn for 40 cultivars x 2 years (+Zn vs -Zn); GT has 78 such cells but each GT row carries ONLY treatment_level=Soil with no cultivar/year descriptor. AI extracted just 4 cultivar-by-year cells (ai__1 Sertak52 1993-94, ai__2 Sertak52 1994-95, ai__3 Kirac66 1994-95, ai__4 Gun91 1993-94). No within-GT disambiguator (cultivar/year) exists to bind a specific obs_id to a specific AI cell.",low
gt__kalayci_1999__r21,kalayci_1999,AMBIGUOUS,,"GT Soil grain_zn row. Paper Table 2 reports grain Zn for 40 cultivars x 2 years (+Zn vs -Zn); GT has 78 such cells but each GT row carries ONLY treatment_level=Soil with no cultivar/year descriptor. AI extracted just 4 cultivar-by-year cells (ai__1 Sertak52 1993-94, ai__2 Sertak52 1994-95, ai__3 Kirac66 1994-95, ai__4 Gun91 1993-94). No within-GT disambiguator (cultivar/year) exists to bind a specific obs_id to a specific AI cell.",low
gt__kalayci_1999__r22,kalayci_1999,AMBIGUOUS,,"GT Soil grain_zn row. Paper Table 2 reports grain Zn for 40 cultivars x 2 years (+Zn vs -Zn); GT has 78 such cells but each GT row carries ONLY treatment_level=Soil with no cultivar/year descriptor. AI extracted just 4 cultivar-by-year cells (ai__1 Sertak52 1993-94, ai__2 Sertak52 1994-95, ai__3 Kirac66 1994-95, ai__4 Gun91 1993-94). No within-GT disambiguator (cultivar/year) exists to bind a specific obs_id to a specific AI cell.",low
gt__kalayci_1999__r23,kalayci_1999,AMBIGUOUS,,"GT Soil grain_zn row. Paper Table 2 reports grain Zn for 40 cultivars x 2 years (+Zn vs -Zn); GT has 78 such cells but each GT row carries ONLY treatment_level=Soil with no cultivar/year descriptor. AI extracted just 4 cultivar-by-year cells (ai__1 Sertak52 1993-94, ai__2 Sertak52 1994-95, ai__3 Kirac66 1994-95, ai__4 Gun91 1993-94). No within-GT disambiguator (cultivar/year) exists to bind a specific obs_id to a specific AI cell.",low
gt__kalayci_1999__r24,kalayci_1999,AMBIGUOUS,,"GT Soil grain_zn row. Paper Table 2 reports grain Zn for 40 cultivars x 2 years (+Zn vs -Zn); GT has 78 such cells but each GT row carries ONLY treatment_level=Soil with no cultivar/year descriptor. AI extracted just 4 cultivar-by-year cells (ai__1 Sertak52 1993-94, ai__2 Sertak52 1994-95, ai__3 Kirac66 1994-95, ai__4 Gun91 1993-94). No within-GT disambiguator (cultivar/year) exists to bind a specific obs_id to a specific AI cell.",low
gt__kalayci_1999__r25,kalayci_1999,AMBIGUOUS,,"GT Soil grain_zn row. Paper Table 2 reports grain Zn for 40 cultivars x 2 years (+Zn vs -Zn); GT has 78 such cells but each GT row carries ONLY treatment_level=Soil with no cultivar/year descriptor. AI extracted just 4 cultivar-by-year cells (ai__1 Sertak52 1993-94, ai__2 Sertak52 1994-95, ai__3 Kirac66 1994-95, ai__4 Gun91 1993-94). No within-GT disambiguator (cultivar/year) exists to bind a specific obs_id to a specific AI cell.",low
gt__kalayci_1999__r26,kalayci_1999,AMBIGUOUS,,"GT Soil grain_zn row. Paper Table 2 reports grain Zn for 40 cultivars x 2 years (+Zn vs -Zn); GT has 78 such cells but each GT row carries ONLY treatment_level=Soil with no cultivar/year descriptor. AI extracted just 4 cultivar-by-year cells (ai__1 Sertak52 1993-94, ai__2 Sertak52 1994-95, ai__3 Kirac66 1994-95, ai__4 Gun91 1993-94). No within-GT disambiguator (cultivar/year) exists to bind a specific obs_id to a specific AI cell.",low
gt__kalayci_1999__r27,kalayci_1999,AMBIGUOUS,,"GT Soil grain_zn row. Paper Table 2 reports grain Zn for 40 cultivars x 2 years (+Zn vs -Zn); GT has 78 such cells but each GT row carries ONLY treatment_level=Soil with no cultivar/year descriptor. AI extracted just 4 cultivar-by-year cells (ai__1 Sertak52 1993-94, ai__2 Sertak52 1994-95, ai__3 Kirac66 1994-95, ai__4 Gun91 1993-94). No within-GT disambiguator (cultivar/year) exists to bind a specific obs_id to a specific AI cell.",low
gt__kalayci_1999__r28,kalayci_1999,AMBIGUOUS,,"GT Soil grain_zn row. Paper Table 2 reports grain Zn for 40 cultivars x 2 years (+Zn vs -Zn); GT has 78 such cells but each GT row carries ONLY treatment_level=Soil with no cultivar/year descriptor. AI extracted just 4 cultivar-by-year cells (ai__1 Sertak52 1993-94, ai__2 Sertak52 1994-95, ai__3 Kirac66 1994-95, ai__4 Gun91 1993-94). No within-GT disambiguator (cultivar/year) exists to bind a specific obs_id to a specific AI cell.",low
gt__kalayci_1999__r29,kalayci_1999,AMBIGUOUS,,"GT Soil grain_zn row. Paper Table 2 reports grain Zn for 40 cultivars x 2 years (+Zn vs -Zn); GT has 78 such cells but each GT row carries ONLY treatment_level=Soil with no cultivar/year descriptor. AI extracted just 4 cultivar-by-year cells (ai__1 Sertak52 1993-94, ai__2 Sertak52 1994-95, ai__3 Kirac66 1994-95, ai__4 Gun91 1993-94). No within-GT disambiguator (cultivar/year) exists to bind a specific obs_id to a specific AI cell.",low
gt__kalayci_1999__r30,kalayci_1999,AMBIGUOUS,,"GT Soil grain_zn row. Paper Table 2 reports grain Zn for 40 cultivars x 2 years (+Zn vs -Zn); GT has 78 such cells but each GT row carries ONLY treatment_level=Soil with no cultivar/year descriptor. AI extracted just 4 cultivar-by-year cells (ai__1 Sertak52 1993-94, ai__2 Sertak52 1994-95, ai__3 Kirac66 1994-95, ai__4 Gun91 1993-94). No within-GT disambiguator (cultivar/year) exists to bind a specific obs_id to a specific AI cell.",low
gt__kalayci_1999__r31,kalayci_1999,AMBIGUOUS,,"GT Soil grain_zn row. Paper Table 2 reports grain Zn for 40 cultivars x 2 years (+Zn vs -Zn); GT has 78 such cells but each GT row carries ONLY treatment_level=Soil with no cultivar/year descriptor. AI extracted just 4 cultivar-by-year cells (ai__1 Sertak52 1993-94, ai__2 Sertak52 1994-95, ai__3 Kirac66 1994-95, ai__4 Gun91 1993-94). No within-GT disambiguator (cultivar/year) exists to bind a specific obs_id to a specific AI cell.",low
gt__kalayci_1999__r32,kalayci_1999,AMBIGUOUS,,"GT Soil grain_zn row. Paper Table 2 reports grain Zn for 40 cultivars x 2 years (+Zn vs -Zn); GT has 78 such cells but each GT row carries ONLY treatment_level=Soil with no cultivar/year descriptor. AI extracted just 4 cultivar-by-year cells (ai__1 Sertak52 1993-94, ai__2 Sertak52 1994-95, ai__3 Kirac66 1994-95, ai__4 Gun91 1993-94). No within-GT disambiguator (cultivar/year) exists to bind a specific obs_id to a specific AI cell.",low
gt__kalayci_1999__r33,kalayci_1999,AMBIGUOUS,,"GT Soil grain_zn row. Paper Table 2 reports grain Zn for 40 cultivars x 2 years (+Zn vs -Zn); GT has 78 such cells but each GT row carries ONLY treatment_level=Soil with no cultivar/year descriptor. AI extracted just 4 cultivar-by-year cells (ai__1 Sertak52 1993-94, ai__2 Sertak52 1994-95, ai__3 Kirac66 1994-95, ai__4 Gun91 1993-94). No within-GT disambiguator (cultivar/year) exists to bind a specific obs_id to a specific AI cell.",low
gt__kalayci_1999__r34,kalayci_1999,AMBIGUOUS,,"GT Soil grain_zn row. Paper Table 2 reports grain Zn for 40 cultivars x 2 years (+Zn vs -Zn); GT has 78 such cells but each GT row carries ONLY treatment_level=Soil with no cultivar/year descriptor. AI extracted just 4 cultivar-by-year cells (ai__1 Sertak52 1993-94, ai__2 Sertak52 1994-95, ai__3 Kirac66 1994-95, ai__4 Gun91 1993-94). No within-GT disambiguator (cultivar/year) exists to bind a specific obs_id to a specific AI cell.",low
gt__kalayci_1999__r35,kalayci_1999,AMBIGUOUS,,"GT Soil grain_zn row. Paper Table 2 reports grain Zn for 40 cultivars x 2 years (+Zn vs -Zn); GT has 78 such cells but each GT row carries ONLY treatment_level=Soil with no cultivar/year descriptor. AI extracted just 4 cultivar-by-year cells (ai__1 Sertak52 1993-94, ai__2 Sertak52 1994-95, ai__3 Kirac66 1994-95, ai__4 Gun91 1993-94). No within-GT disambiguator (cultivar/year) exists to bind a specific obs_id to a specific AI cell.",low
gt__kalayci_1999__r36,kalayci_1999,AMBIGUOUS,,"GT Soil grain_zn row. Paper Table 2 reports grain Zn for 40 cultivars x 2 years (+Zn vs -Zn); GT has 78 such cells but each GT row carries ONLY treatment_level=Soil with no cultivar/year descriptor. AI extracted just 4 cultivar-by-year cells (ai__1 Sertak52 1993-94, ai__2 Sertak52 1994-95, ai__3 Kirac66 1994-95, ai__4 Gun91 1993-94). No within-GT disambiguator (cultivar/year) exists to bind a specific obs_id to a specific AI cell.",low
gt__kalayci_1999__r37,kalayci_1999,AMBIGUOUS,,"GT Soil grain_zn row. Paper Table 2 reports grain Zn for 40 cultivars x 2 years (+Zn vs -Zn); GT has 78 such cells but each GT row carries ONLY treatment_level=Soil with no cultivar/year descriptor. AI extracted just 4 cultivar-by-year cells (ai__1 Sertak52 1993-94, ai__2 Sertak52 1994-95, ai__3 Kirac66 1994-95, ai__4 Gun91 1993-94). No within-GT disambiguator (cultivar/year) exists to bind a specific obs_id to a specific AI cell.",low
gt__kalayci_1999__r38,kalayci_1999,AMBIGUOUS,,"GT Soil grain_zn row. Paper Table 2 reports grain Zn for 40 cultivars x 2 years (+Zn vs -Zn); GT has 78 such cells but each GT row carries ONLY treatment_level=Soil with no cultivar/year descriptor. AI extracted just 4 cultivar-by-year cells (ai__1 Sertak52 1993-94, ai__2 Sertak52 1994-95, ai__3 Kirac66 1994-95, ai__4 Gun91 1993-94). No within-GT disambiguator (cultivar/year) exists to bind a specific obs_id to a specific AI cell.",low
gt__kalayci_1999__r39,kalayci_1999,AMBIGUOUS,,"GT Soil grain_zn row. Paper Table 2 reports grain Zn for 40 cultivars x 2 years (+Zn vs -Zn); GT has 78 such cells but each GT row carries ONLY treatment_level=Soil with no cultivar/year descriptor. AI extracted just 4 cultivar-by-year cells (ai__1 Sertak52 1993-94, ai__2 Sertak52 1994-95, ai__3 Kirac66 1994-95, ai__4 Gun91 1993-94). No within-GT disambiguator (cultivar/year) exists to bind a specific obs_id to a specific AI cell.",low
gt__kalayci_1999__r40,kalayci_1999,AMBIGUOUS,,"GT Soil grain_zn row. Paper Table 2 reports grain Zn for 40 cultivars x 2 years (+Zn vs -Zn); GT has 78 such cells but each GT row carries ONLY treatment_level=Soil with no cultivar/year descriptor. AI extracted just 4 cultivar-by-year cells (ai__1 Sertak52 1993-94, ai__2 Sertak52 1994-95, ai__3 Kirac66 1994-95, ai__4 Gun91 1993-94). No within-GT disambiguator (cultivar/year) exists to bind a specific obs_id to a specific AI cell.",low
gt__kalayci_1999__r41,kalayci_1999,AMBIGUOUS,,"GT Soil grain_zn row. Paper Table 2 reports grain Zn for 40 cultivars x 2 years (+Zn vs -Zn); GT has 78 such cells but each GT row carries ONLY treatment_level=Soil with no cultivar/year descriptor. AI extracted just 4 cultivar-by-year cells (ai__1 Sertak52 1993-94, ai__2 Sertak52 1994-95, ai__3 Kirac66 1994-95, ai__4 Gun91 1993-94). No within-GT disambiguator (cultivar/year) exists to bind a specific obs_id to a specific AI cell.",low
gt__kalayci_1999__r42,kalayci_1999,AMBIGUOUS,,"GT Soil grain_zn row. Paper Table 2 reports grain Zn for 40 cultivars x 2 years (+Zn vs -Zn); GT has 78 such cells but each GT row carries ONLY treatment_level=Soil with no cultivar/year descriptor. AI extracted just 4 cultivar-by-year cells (ai__1 Sertak52 1993-94, ai__2 Sertak52 1994-95, ai__3 Kirac66 1994-95, ai__4 Gun91 1993-94). No within-GT disambiguator (cultivar/year) exists to bind a specific obs_id to a specific AI cell.",low
gt__kalayci_1999__r43,kalayci_1999,AMBIGUOUS,,"GT Soil grain_zn row. Paper Table 2 reports grain Zn for 40 cultivars x 2 years (+Zn vs -Zn); GT has 78 such cells but each GT row carries ONLY treatment_level=Soil with no cultivar/year descriptor. AI extracted just 4 cultivar-by-year cells (ai__1 Sertak52 1993-94, ai__2 Sertak52 1994-95, ai__3 Kirac66 1994-95, ai__4 Gun91 1993-94). No within-GT disambiguator (cultivar/year) exists to bind a specific obs_id to a specific AI cell.",low
gt__kalayci_1999__r44,kalayci_1999,AMBIGUOUS,,"GT Soil grain_zn row. Paper Table 2 reports grain Zn for 40 cultivars x 2 years (+Zn vs -Zn); GT has 78 such cells but each GT row carries ONLY treatment_level=Soil with no cultivar/year descriptor. AI extracted just 4 cultivar-by-year cells (ai__1 Sertak52 1993-94, ai__2 Sertak52 1994-95, ai__3 Kirac66 1994-95, ai__4 Gun91 1993-94). No within-GT disambiguator (cultivar/year) exists to bind a specific obs_id to a specific AI cell.",low
gt__kalayci_1999__r45,kalayci_1999,AMBIGUOUS,,"GT Soil grain_zn row. Paper Table 2 reports grain Zn for 40 cultivars x 2 years (+Zn vs -Zn); GT has 78 such cells but each GT row carries ONLY treatment_level=Soil with no cultivar/year descriptor. AI extracted just 4 cultivar-by-year cells (ai__1 Sertak52 1993-94, ai__2 Sertak52 1994-95, ai__3 Kirac66 1994-95, ai__4 Gun91 1993-94). No within-GT disambiguator (cultivar/year) exists to bind a specific obs_id to a specific AI cell.",low
gt__kalayci_1999__r46,kalayci_1999,AMBIGUOUS,,"GT Soil grain_zn row. Paper Table 2 reports grain Zn for 40 cultivars x 2 years (+Zn vs -Zn); GT has 78 such cells but each GT row carries ONLY treatment_level=Soil with no cultivar/year descriptor. AI extracted just 4 cultivar-by-year cells (ai__1 Sertak52 1993-94, ai__2 Sertak52 1994-95, ai__3 Kirac66 1994-95, ai__4 Gun91 1993-94). No within-GT disambiguator (cultivar/year) exists to bind a specific obs_id to a specific AI cell.",low
gt__kalayci_1999__r47,kalayci_1999,AMBIGUOUS,,"GT Soil grain_zn row. Paper Table 2 reports grain Zn for 40 cultivars x 2 years (+Zn vs -Zn); GT has 78 such cells but each GT row carries ONLY treatment_level=Soil with no cultivar/year descriptor. AI extracted just 4 cultivar-by-year cells (ai__1 Sertak52 1993-94, ai__2 Sertak52 1994-95, ai__3 Kirac66 1994-95, ai__4 Gun91 1993-94). No within-GT disambiguator (cultivar/year) exists to bind a specific obs_id to a specific AI cell.",low
gt__kalayci_1999__r48,kalayci_1999,AMBIGUOUS,,"GT Soil grain_zn row. Paper Table 2 reports grain Zn for 40 cultivars x 2 years (+Zn vs -Zn); GT has 78 such cells but each GT row carries ONLY treatment_level=Soil with no cultivar/year descriptor. AI extracted just 4 cultivar-by-year cells (ai__1 Sertak52 1993-94, ai__2 Sertak52 1994-95, ai__3 Kirac66 1994-95, ai__4 Gun91 1993-94). No within-GT disambiguator (cultivar/year) exists to bind a specific obs_id to a specific AI cell.",low
gt__kalayci_1999__r49,kalayci_1999,AMBIGUOUS,,"GT Soil grain_zn row. Paper Table 2 reports grain Zn for 40 cultivars x 2 years (+Zn vs -Zn); GT has 78 such cells but each GT row carries ONLY treatment_level=Soil with no cultivar/year descriptor. AI extracted just 4 cultivar-by-year cells (ai__1 Sertak52 1993-94, ai__2 Sertak52 1994-95, ai__3 Kirac66 1994-95, ai__4 Gun91 1993-94). No within-GT disambiguator (cultivar/year) exists to bind a specific obs_id to a specific AI cell.",low
gt__kalayci_1999__r50,kalayci_1999,AMBIGUOUS,,"GT Soil grain_zn row. Paper Table 2 reports grain Zn for 40 cultivars x 2 years (+Zn vs -Zn); GT has 78 such cells but each GT row carries ONLY treatment_level=Soil with no cultivar/year descriptor. AI extracted just 4 cultivar-by-year cells (ai__1 Sertak52 1993-94, ai__2 Sertak52 1994-95, ai__3 Kirac66 1994-95, ai__4 Gun91 1993-94). No within-GT disambiguator (cultivar/year) exists to bind a specific obs_id to a specific AI cell.",low
gt__kalayci_1999__r51,kalayci_1999,AMBIGUOUS,,"GT Soil grain_zn row. Paper Table 2 reports grain Zn for 40 cultivars x 2 years (+Zn vs -Zn); GT has 78 such cells but each GT row carries ONLY treatment_level=Soil with no cultivar/year descriptor. AI extracted just 4 cultivar-by-year cells (ai__1 Sertak52 1993-94, ai__2 Sertak52 1994-95, ai__3 Kirac66 1994-95, ai__4 Gun91 1993-94). No within-GT disambiguator (cultivar/year) exists to bind a specific obs_id to a specific AI cell.",low
gt__kalayci_1999__r52,kalayci_1999,AMBIGUOUS,,"GT Soil grain_zn row. Paper Table 2 reports grain Zn for 40 cultivars x 2 years (+Zn vs -Zn); GT has 78 such cells but each GT row carries ONLY treatment_level=Soil with no cultivar/year descriptor. AI extracted just 4 cultivar-by-year cells (ai__1 Sertak52 1993-94, ai__2 Sertak52 1994-95, ai__3 Kirac66 1994-95, ai__4 Gun91 1993-94). No within-GT disambiguator (cultivar/year) exists to bind a specific obs_id to a specific AI cell.",low
gt__kalayci_1999__r53,kalayci_1999,AMBIGUOUS,,"GT Soil grain_zn row. Paper Table 2 reports grain Zn for 40 cultivars x 2 years (+Zn vs -Zn); GT has 78 such cells but each GT row carries ONLY treatment_level=Soil with no cultivar/year descriptor. AI extracted just 4 cultivar-by-year cells (ai__1 Sertak52 1993-94, ai__2 Sertak52 1994-95, ai__3 Kirac66 1994-95, ai__4 Gun91 1993-94). No within-GT disambiguator (cultivar/year) exists to bind a specific obs_id to a specific AI cell.",low
gt__kalayci_1999__r54,kalayci_1999,AMBIGUOUS,,"GT Soil grain_zn row. Paper Table 2 reports grain Zn for 40 cultivars x 2 years (+Zn vs -Zn); GT has 78 such cells but each GT row carries ONLY treatment_level=Soil with no cultivar/year descriptor. AI extracted just 4 cultivar-by-year cells (ai__1 Sertak52 1993-94, ai__2 Sertak52 1994-95, ai__3 Kirac66 1994-95, ai__4 Gun91 1993-94). No within-GT disambiguator (cultivar/year) exists to bind a specific obs_id to a specific AI cell.",low
gt__kalayci_1999__r55,kalayci_1999,AMBIGUOUS,,"GT Soil grain_zn row. Paper Table 2 reports grain Zn for 40 cultivars x 2 years (+Zn vs -Zn); GT has 78 such cells but each GT row carries ONLY treatment_level=Soil with no cultivar/year descriptor. AI extracted just 4 cultivar-by-year cells (ai__1 Sertak52 1993-94, ai__2 Sertak52 1994-95, ai__3 Kirac66 1994-95, ai__4 Gun91 1993-94). No within-GT disambiguator (cultivar/year) exists to bind a specific obs_id to a specific AI cell.",low
gt__kalayci_1999__r56,kalayci_1999,AMBIGUOUS,,"GT Soil grain_zn row. Paper Table 2 reports grain Zn for 40 cultivars x 2 years (+Zn vs -Zn); GT has 78 such cells but each GT row carries ONLY treatment_level=Soil with no cultivar/year descriptor. AI extracted just 4 cultivar-by-year cells (ai__1 Sertak52 1993-94, ai__2 Sertak52 1994-95, ai__3 Kirac66 1994-95, ai__4 Gun91 1993-94). No within-GT disambiguator (cultivar/year) exists to bind a specific obs_id to a specific AI cell.",low
gt__kalayci_1999__r57,kalayci_1999,AMBIGUOUS,,"GT Soil grain_zn row. Paper Table 2 reports grain Zn for 40 cultivars x 2 years (+Zn vs -Zn); GT has 78 such cells but each GT row carries ONLY treatment_level=Soil with no cultivar/year descriptor. AI extracted just 4 cultivar-by-year cells (ai__1 Sertak52 1993-94, ai__2 Sertak52 1994-95, ai__3 Kirac66 1994-95, ai__4 Gun91 1993-94). No within-GT disambiguator (cultivar/year) exists to bind a specific obs_id to a specific AI cell.",low
gt__kalayci_1999__r58,kalayci_1999,AMBIGUOUS,,"GT Soil grain_zn row. Paper Table 2 reports grain Zn for 40 cultivars x 2 years (+Zn vs -Zn); GT has 78 such cells but each GT row carries ONLY treatment_level=Soil with no cultivar/year descriptor. AI extracted just 4 cultivar-by-year cells (ai__1 Sertak52 1993-94, ai__2 Sertak52 1994-95, ai__3 Kirac66 1994-95, ai__4 Gun91 1993-94). No within-GT disambiguator (cultivar/year) exists to bind a specific obs_id to a specific AI cell.",low
gt__kalayci_1999__r59,kalayci_1999,AMBIGUOUS,,"GT Soil grain_zn row. Paper Table 2 reports grain Zn for 40 cultivars x 2 years (+Zn vs -Zn); GT has 78 such cells but each GT row carries ONLY treatment_level=Soil with no cultivar/year descriptor. AI extracted just 4 cultivar-by-year cells (ai__1 Sertak52 1993-94, ai__2 Sertak52 1994-95, ai__3 Kirac66 1994-95, ai__4 Gun91 1993-94). No within-GT disambiguator (cultivar/year) exists to bind a specific obs_id to a specific AI cell.",low
gt__kalayci_1999__r60,kalayci_1999,AMBIGUOUS,,"GT Soil grain_zn row. Paper Table 2 reports grain Zn for 40 cultivars x 2 years (+Zn vs -Zn); GT has 78 such cells but each GT row carries ONLY treatment_level=Soil with no cultivar/year descriptor. AI extracted just 4 cultivar-by-year cells (ai__1 Sertak52 1993-94, ai__2 Sertak52 1994-95, ai__3 Kirac66 1994-95, ai__4 Gun91 1993-94). No within-GT disambiguator (cultivar/year) exists to bind a specific obs_id to a specific AI cell.",low
gt__kalayci_1999__r61,kalayci_1999,AMBIGUOUS,,"GT Soil grain_zn row. Paper Table 2 reports grain Zn for 40 cultivars x 2 years (+Zn vs -Zn); GT has 78 such cells but each GT row carries ONLY treatment_level=Soil with no cultivar/year descriptor. AI extracted just 4 cultivar-by-year cells (ai__1 Sertak52 1993-94, ai__2 Sertak52 1994-95, ai__3 Kirac66 1994-95, ai__4 Gun91 1993-94). No within-GT disambiguator (cultivar/year) exists to bind a specific obs_id to a specific AI cell.",low
gt__kalayci_1999__r62,kalayci_1999,AMBIGUOUS,,"GT Soil grain_zn row. Paper Table 2 reports grain Zn for 40 cultivars x 2 years (+Zn vs -Zn); GT has 78 such cells but each GT row carries ONLY treatment_level=Soil with no cultivar/year descriptor. AI extracted just 4 cultivar-by-year cells (ai__1 Sertak52 1993-94, ai__2 Sertak52 1994-95, ai__3 Kirac66 1994-95, ai__4 Gun91 1993-94). No within-GT disambiguator (cultivar/year) exists to bind a specific obs_id to a specific AI cell.",low
gt__kalayci_1999__r63,kalayci_1999,AMBIGUOUS,,"GT Soil grain_zn row. Paper Table 2 reports grain Zn for 40 cultivars x 2 years (+Zn vs -Zn); GT has 78 such cells but each GT row carries ONLY treatment_level=Soil with no cultivar/year descriptor. AI extracted just 4 cultivar-by-year cells (ai__1 Sertak52 1993-94, ai__2 Sertak52 1994-95, ai__3 Kirac66 1994-95, ai__4 Gun91 1993-94). No within-GT disambiguator (cultivar/year) exists to bind a specific obs_id to a specific AI cell.",low
gt__kalayci_1999__r64,kalayci_1999,AMBIGUOUS,,"GT Soil grain_zn row. Paper Table 2 reports grain Zn for 40 cultivars x 2 years (+Zn vs -Zn); GT has 78 such cells but each GT row carries ONLY treatment_level=Soil with no cultivar/year descriptor. AI extracted just 4 cultivar-by-year cells (ai__1 Sertak52 1993-94, ai__2 Sertak52 1994-95, ai__3 Kirac66 1994-95, ai__4 Gun91 1993-94). No within-GT disambiguator (cultivar/year) exists to bind a specific obs_id to a specific AI cell.",low
gt__kalayci_1999__r65,kalayci_1999,AMBIGUOUS,,"GT Soil grain_zn row. Paper Table 2 reports grain Zn for 40 cultivars x 2 years (+Zn vs -Zn); GT has 78 such cells but each GT row carries ONLY treatment_level=Soil with no cultivar/year descriptor. AI extracted just 4 cultivar-by-year cells (ai__1 Sertak52 1993-94, ai__2 Sertak52 1994-95, ai__3 Kirac66 1994-95, ai__4 Gun91 1993-94). No within-GT disambiguator (cultivar/year) exists to bind a specific obs_id to a specific AI cell.",low
gt__kalayci_1999__r66,kalayci_1999,AMBIGUOUS,,"GT Soil grain_zn row. Paper Table 2 reports grain Zn for 40 cultivars x 2 years (+Zn vs -Zn); GT has 78 such cells but each GT row carries ONLY treatment_level=Soil with no cultivar/year descriptor. AI extracted just 4 cultivar-by-year cells (ai__1 Sertak52 1993-94, ai__2 Sertak52 1994-95, ai__3 Kirac66 1994-95, ai__4 Gun91 1993-94). No within-GT disambiguator (cultivar/year) exists to bind a specific obs_id to a specific AI cell.",low
gt__kalayci_1999__r67,kalayci_1999,AMBIGUOUS,,"GT Soil grain_zn row. Paper Table 2 reports grain Zn for 40 cultivars x 2 years (+Zn vs -Zn); GT has 78 such cells but each GT row carries ONLY treatment_level=Soil with no cultivar/year descriptor. AI extracted just 4 cultivar-by-year cells (ai__1 Sertak52 1993-94, ai__2 Sertak52 1994-95, ai__3 Kirac66 1994-95, ai__4 Gun91 1993-94). No within-GT disambiguator (cultivar/year) exists to bind a specific obs_id to a specific AI cell.",low
gt__kalayci_1999__r68,kalayci_1999,AMBIGUOUS,,"GT Soil grain_zn row. Paper Table 2 reports grain Zn for 40 cultivars x 2 years (+Zn vs -Zn); GT has 78 such cells but each GT row carries ONLY treatment_level=Soil with no cultivar/year descriptor. AI extracted just 4 cultivar-by-year cells (ai__1 Sertak52 1993-94, ai__2 Sertak52 1994-95, ai__3 Kirac66 1994-95, ai__4 Gun91 1993-94). No within-GT disambiguator (cultivar/year) exists to bind a specific obs_id to a specific AI cell.",low
gt__kalayci_1999__r69,kalayci_1999,AMBIGUOUS,,"GT Soil grain_zn row. Paper Table 2 reports grain Zn for 40 cultivars x 2 years (+Zn vs -Zn); GT has 78 such cells but each GT row carries ONLY treatment_level=Soil with no cultivar/year descriptor. AI extracted just 4 cultivar-by-year cells (ai__1 Sertak52 1993-94, ai__2 Sertak52 1994-95, ai__3 Kirac66 1994-95, ai__4 Gun91 1993-94). No within-GT disambiguator (cultivar/year) exists to bind a specific obs_id to a specific AI cell.",low
gt__kalayci_1999__r70,kalayci_1999,AMBIGUOUS,,"GT Soil grain_zn row. Paper Table 2 reports grain Zn for 40 cultivars x 2 years (+Zn vs -Zn); GT has 78 such cells but each GT row carries ONLY treatment_level=Soil with no cultivar/year descriptor. AI extracted just 4 cultivar-by-year cells (ai__1 Sertak52 1993-94, ai__2 Sertak52 1994-95, ai__3 Kirac66 1994-95, ai__4 Gun91 1993-94). No within-GT disambiguator (cultivar/year) exists to bind a specific obs_id to a specific AI cell.",low
gt__kalayci_1999__r71,kalayci_1999,AMBIGUOUS,,"GT Soil grain_zn row. Paper Table 2 reports grain Zn for 40 cultivars x 2 years (+Zn vs -Zn); GT has 78 such cells but each GT row carries ONLY treatment_level=Soil with no cultivar/year descriptor. AI extracted just 4 cultivar-by-year cells (ai__1 Sertak52 1993-94, ai__2 Sertak52 1994-95, ai__3 Kirac66 1994-95, ai__4 Gun91 1993-94). No within-GT disambiguator (cultivar/year) exists to bind a specific obs_id to a specific AI cell.",low
gt__kalayci_1999__r72,kalayci_1999,AMBIGUOUS,,"GT Soil grain_zn row. Paper Table 2 reports grain Zn for 40 cultivars x 2 years (+Zn vs -Zn); GT has 78 such cells but each GT row carries ONLY treatment_level=Soil with no cultivar/year descriptor. AI extracted just 4 cultivar-by-year cells (ai__1 Sertak52 1993-94, ai__2 Sertak52 1994-95, ai__3 Kirac66 1994-95, ai__4 Gun91 1993-94). No within-GT disambiguator (cultivar/year) exists to bind a specific obs_id to a specific AI cell.",low
gt__kalayci_1999__r73,kalayci_1999,AMBIGUOUS,,"GT Soil grain_zn row. Paper Table 2 reports grain Zn for 40 cultivars x 2 years (+Zn vs -Zn); GT has 78 such cells but each GT row carries ONLY treatment_level=Soil with no cultivar/year descriptor. AI extracted just 4 cultivar-by-year cells (ai__1 Sertak52 1993-94, ai__2 Sertak52 1994-95, ai__3 Kirac66 1994-95, ai__4 Gun91 1993-94). No within-GT disambiguator (cultivar/year) exists to bind a specific obs_id to a specific AI cell.",low
gt__kalayci_1999__r74,kalayci_1999,AMBIGUOUS,,"GT Soil grain_zn row. Paper Table 2 reports grain Zn for 40 cultivars x 2 years (+Zn vs -Zn); GT has 78 such cells but each GT row carries ONLY treatment_level=Soil with no cultivar/year descriptor. AI extracted just 4 cultivar-by-year cells (ai__1 Sertak52 1993-94, ai__2 Sertak52 1994-95, ai__3 Kirac66 1994-95, ai__4 Gun91 1993-94). No within-GT disambiguator (cultivar/year) exists to bind a specific obs_id to a specific AI cell.",low
gt__kalayci_1999__r75,kalayci_1999,AMBIGUOUS,,"GT Soil grain_zn row. Paper Table 2 reports grain Zn for 40 cultivars x 2 years (+Zn vs -Zn); GT has 78 such cells but each GT row carries ONLY treatment_level=Soil with no cultivar/year descriptor. AI extracted just 4 cultivar-by-year cells (ai__1 Sertak52 1993-94, ai__2 Sertak52 1994-95, ai__3 Kirac66 1994-95, ai__4 Gun91 1993-94). No within-GT disambiguator (cultivar/year) exists to bind a specific obs_id to a specific AI cell.",low
gt__kalayci_1999__r76,kalayci_1999,AMBIGUOUS,,"GT Soil grain_zn row. Paper Table 2 reports grain Zn for 40 cultivars x 2 years (+Zn vs -Zn); GT has 78 such cells but each GT row carries ONLY treatment_level=Soil with no cultivar/year descriptor. AI extracted just 4 cultivar-by-year cells (ai__1 Sertak52 1993-94, ai__2 Sertak52 1994-95, ai__3 Kirac66 1994-95, ai__4 Gun91 1993-94). No within-GT disambiguator (cultivar/year) exists to bind a specific obs_id to a specific AI cell.",low
gt__kalayci_1999__r77,kalayci_1999,AMBIGUOUS,,"GT Soil grain_zn row. Paper Table 2 reports grain Zn for 40 cultivars x 2 years (+Zn vs -Zn); GT has 78 such cells but each GT row carries ONLY treatment_level=Soil with no cultivar/year descriptor. AI extracted just 4 cultivar-by-year cells (ai__1 Sertak52 1993-94, ai__2 Sertak52 1994-95, ai__3 Kirac66 1994-95, ai__4 Gun91 1993-94). No within-GT disambiguator (cultivar/year) exists to bind a specific obs_id to a specific AI cell.",low
gt__khoshgoftarmanesh_2013__r0,khoshgoftarmanesh_2013,NO_MATCH,,GT Soil grain_zn row (study_id=59). AI extracted only Foliar cells for this paper; there is no Soil-application AI row to pair with.,high
gt__khoshgoftarmanesh_2013__r1,khoshgoftarmanesh_2013,NO_MATCH,,GT Soil grain_zn row (study_id=59). AI extracted only Foliar cells for this paper; there is no Soil-application AI row to pair with.,high
gt__khoshgoftarmanesh_2013__r2,khoshgoftarmanesh_2013,NO_MATCH,,GT Soil grain_zn row (study_id=59). AI extracted only Foliar cells for this paper; there is no Soil-application AI row to pair with.,high
gt__khoshgoftarmanesh_2013__r3,khoshgoftarmanesh_2013,NO_MATCH,,GT Soil grain_zn row (study_id=59). AI extracted only Foliar cells for this paper; there is no Soil-application AI row to pair with.,high
gt__khoshgoftarmanesh_2013__r4,khoshgoftarmanesh_2013,NO_MATCH,,GT Soil grain_zn row (study_id=59). AI extracted only Foliar cells for this paper; there is no Soil-application AI row to pair with.,high
gt__khoshgoftarmanesh_2013__r5,khoshgoftarmanesh_2013,NO_MATCH,,GT Soil grain_zn row (study_id=59). AI extracted only Foliar cells for this paper; there is no Soil-application AI row to pair with.,high
gt__khoshgoftarmanesh_2013__r6,khoshgoftarmanesh_2013,NO_MATCH,,GT Soil grain_zn row (study_id=59). AI extracted only Foliar cells for this paper; there is no Soil-application AI row to pair with.,high
gt__khoshgoftarmanesh_2013__r7,khoshgoftarmanesh_2013,NO_MATCH,,GT Soil grain_zn row (study_id=59). AI extracted only Foliar cells for this paper; there is no Soil-application AI row to pair with.,high
gt__khoshgoftarmanesh_2013__r8,khoshgoftarmanesh_2013,NO_MATCH,,GT Soil grain_zn row (study_id=59). AI extracted only Foliar cells for this paper; there is no Soil-application AI row to pair with.,high
gt__khoshgoftarmanesh_2013__r9,khoshgoftarmanesh_2013,NO_MATCH,,GT Soil grain_zn row (study_id=59). AI extracted only Foliar cells for this paper; there is no Soil-application AI row to pair with.,high
gt__khoshgoftarmanesh_2013__r10,khoshgoftarmanesh_2013,NO_MATCH,,GT Soil grain_zn row (study_id=59). AI extracted only Foliar cells for this paper; there is no Soil-application AI row to pair with.,high
gt__khoshgoftarmanesh_2013__r11,khoshgoftarmanesh_2013,NO_MATCH,,GT Soil grain_zn row (study_id=59). AI extracted only Foliar cells for this paper; there is no Soil-application AI row to pair with.,high
gt__khoshgoftarmanesh_2013__r12,khoshgoftarmanesh_2013,NO_MATCH,,GT Soil grain_zn row (study_id=59). AI extracted only Foliar cells for this paper; there is no Soil-application AI row to pair with.,high
gt__khoshgoftarmanesh_2013__r13,khoshgoftarmanesh_2013,NO_MATCH,,GT Soil grain_zn row (study_id=59). AI extracted only Foliar cells for this paper; there is no Soil-application AI row to pair with.,high
gt__khoshgoftarmanesh_2013__r14,khoshgoftarmanesh_2013,NO_MATCH,,GT Soil grain_zn row (study_id=59). AI extracted only Foliar cells for this paper; there is no Soil-application AI row to pair with.,high
gt__khoshgoftarmanesh_2013__r15,khoshgoftarmanesh_2013,NO_MATCH,,GT Soil grain_zn row (study_id=59). AI extracted only Foliar cells for this paper; there is no Soil-application AI row to pair with.,high
gt__khoshgoftarmanesh_2013__r16,khoshgoftarmanesh_2013,NO_MATCH,,GT Soil grain_zn row (study_id=59). AI extracted only Foliar cells for this paper; there is no Soil-application AI row to pair with.,high
gt__khoshgoftarmanesh_2013__r17,khoshgoftarmanesh_2013,NO_MATCH,,GT Soil grain_zn row (study_id=59). AI extracted only Foliar cells for this paper; there is no Soil-application AI row to pair with.,high
gt__khoshgoftarmanesh_2013__r18,khoshgoftarmanesh_2013,NO_MATCH,,GT Soil grain_zn row (study_id=59). AI extracted only Foliar cells for this paper; there is no Soil-application AI row to pair with.,high
gt__khoshgoftarmanesh_2013__r19,khoshgoftarmanesh_2013,NO_MATCH,,GT Soil grain_zn row (study_id=59). AI extracted only Foliar cells for this paper; there is no Soil-application AI row to pair with.,high
gt__khoshgoftarmanesh_2013__r20,khoshgoftarmanesh_2013,AMBIGUOUS,,"GT Foliar grain_zn row (study_id=58) with no Zn-source/cultivar/year descriptor. AI extracted 4 Foliar cells (ai__1 ZnSO4/BackCross, ai__2 Zn(Arg)2/BackCross, ai__3 ZnSO4/Kavir, ai__4 Zn(Arg)2/Kavir, Figure 3), but the 40 Foliar GT rows span more source x cultivar x year x replicate combinations and carry no within-GT disambiguator to bind a specific obs_id to a specific AI cell.",low
gt__khoshgoftarmanesh_2013__r21,khoshgoftarmanesh_2013,AMBIGUOUS,,"GT Foliar grain_zn row (study_id=58) with no Zn-source/cultivar/year descriptor. AI extracted 4 Foliar cells (ai__1 ZnSO4/BackCross, ai__2 Zn(Arg)2/BackCross, ai__3 ZnSO4/Kavir, ai__4 Zn(Arg)2/Kavir, Figure 3), but the 40 Foliar GT rows span more source x cultivar x year x replicate combinations and carry no within-GT disambiguator to bind a specific obs_id to a specific AI cell.",low
gt__khoshgoftarmanesh_2013__r22,khoshgoftarmanesh_2013,AMBIGUOUS,,"GT Foliar grain_zn row (study_id=58) with no Zn-source/cultivar/year descriptor. AI extracted 4 Foliar cells (ai__1 ZnSO4/BackCross, ai__2 Zn(Arg)2/BackCross, ai__3 ZnSO4/Kavir, ai__4 Zn(Arg)2/Kavir, Figure 3), but the 40 Foliar GT rows span more source x cultivar x year x replicate combinations and carry no within-GT disambiguator to bind a specific obs_id to a specific AI cell.",low
gt__khoshgoftarmanesh_2013__r23,khoshgoftarmanesh_2013,AMBIGUOUS,,"GT Foliar grain_zn row (study_id=58) with no Zn-source/cultivar/year descriptor. AI extracted 4 Foliar cells (ai__1 ZnSO4/BackCross, ai__2 Zn(Arg)2/BackCross, ai__3 ZnSO4/Kavir, ai__4 Zn(Arg)2/Kavir, Figure 3), but the 40 Foliar GT rows span more source x cultivar x year x replicate combinations and carry no within-GT disambiguator to bind a specific obs_id to a specific AI cell.",low
gt__khoshgoftarmanesh_2013__r24,khoshgoftarmanesh_2013,AMBIGUOUS,,"GT Foliar grain_zn row (study_id=58) with no Zn-source/cultivar/year descriptor. AI extracted 4 Foliar cells (ai__1 ZnSO4/BackCross, ai__2 Zn(Arg)2/BackCross, ai__3 ZnSO4/Kavir, ai__4 Zn(Arg)2/Kavir, Figure 3), but the 40 Foliar GT rows span more source x cultivar x year x replicate combinations and carry no within-GT disambiguator to bind a specific obs_id to a specific AI cell.",low
gt__khoshgoftarmanesh_2013__r25,khoshgoftarmanesh_2013,AMBIGUOUS,,"GT Foliar grain_zn row (study_id=58) with no Zn-source/cultivar/year descriptor. AI extracted 4 Foliar cells (ai__1 ZnSO4/BackCross, ai__2 Zn(Arg)2/BackCross, ai__3 ZnSO4/Kavir, ai__4 Zn(Arg)2/Kavir, Figure 3), but the 40 Foliar GT rows span more source x cultivar x year x replicate combinations and carry no within-GT disambiguator to bind a specific obs_id to a specific AI cell.",low
gt__khoshgoftarmanesh_2013__r26,khoshgoftarmanesh_2013,AMBIGUOUS,,"GT Foliar grain_zn row (study_id=58) with no Zn-source/cultivar/year descriptor. AI extracted 4 Foliar cells (ai__1 ZnSO4/BackCross, ai__2 Zn(Arg)2/BackCross, ai__3 ZnSO4/Kavir, ai__4 Zn(Arg)2/Kavir, Figure 3), but the 40 Foliar GT rows span more source x cultivar x year x replicate combinations and carry no within-GT disambiguator to bind a specific obs_id to a specific AI cell.",low
gt__khoshgoftarmanesh_2013__r27,khoshgoftarmanesh_2013,AMBIGUOUS,,"GT Foliar grain_zn row (study_id=58) with no Zn-source/cultivar/year descriptor. AI extracted 4 Foliar cells (ai__1 ZnSO4/BackCross, ai__2 Zn(Arg)2/BackCross, ai__3 ZnSO4/Kavir, ai__4 Zn(Arg)2/Kavir, Figure 3), but the 40 Foliar GT rows span more source x cultivar x year x replicate combinations and carry no within-GT disambiguator to bind a specific obs_id to a specific AI cell.",low
gt__khoshgoftarmanesh_2013__r28,khoshgoftarmanesh_2013,AMBIGUOUS,,"GT Foliar grain_zn row (study_id=58) with no Zn-source/cultivar/year descriptor. AI extracted 4 Foliar cells (ai__1 ZnSO4/BackCross, ai__2 Zn(Arg)2/BackCross, ai__3 ZnSO4/Kavir, ai__4 Zn(Arg)2/Kavir, Figure 3), but the 40 Foliar GT rows span more source x cultivar x year x replicate combinations and carry no within-GT disambiguator to bind a specific obs_id to a specific AI cell.",low
gt__khoshgoftarmanesh_2013__r29,khoshgoftarmanesh_2013,AMBIGUOUS,,"GT Foliar grain_zn row (study_id=58) with no Zn-source/cultivar/year descriptor. AI extracted 4 Foliar cells (ai__1 ZnSO4/BackCross, ai__2 Zn(Arg)2/BackCross, ai__3 ZnSO4/Kavir, ai__4 Zn(Arg)2/Kavir, Figure 3), but the 40 Foliar GT rows span more source x cultivar x year x replicate combinations and carry no within-GT disambiguator to bind a specific obs_id to a specific AI cell.",low
gt__khoshgoftarmanesh_2013__r30,khoshgoftarmanesh_2013,AMBIGUOUS,,"GT Foliar grain_zn row (study_id=58) with no Zn-source/cultivar/year descriptor. AI extracted 4 Foliar cells (ai__1 ZnSO4/BackCross, ai__2 Zn(Arg)2/BackCross, ai__3 ZnSO4/Kavir, ai__4 Zn(Arg)2/Kavir, Figure 3), but the 40 Foliar GT rows span more source x cultivar x year x replicate combinations and carry no within-GT disambiguator to bind a specific obs_id to a specific AI cell.",low
gt__khoshgoftarmanesh_2013__r31,khoshgoftarmanesh_2013,AMBIGUOUS,,"GT Foliar grain_zn row (study_id=58) with no Zn-source/cultivar/year descriptor. AI extracted 4 Foliar cells (ai__1 ZnSO4/BackCross, ai__2 Zn(Arg)2/BackCross, ai__3 ZnSO4/Kavir, ai__4 Zn(Arg)2/Kavir, Figure 3), but the 40 Foliar GT rows span more source x cultivar x year x replicate combinations and carry no within-GT disambiguator to bind a specific obs_id to a specific AI cell.",low
gt__khoshgoftarmanesh_2013__r32,khoshgoftarmanesh_2013,AMBIGUOUS,,"GT Foliar grain_zn row (study_id=58) with no Zn-source/cultivar/year descriptor. AI extracted 4 Foliar cells (ai__1 ZnSO4/BackCross, ai__2 Zn(Arg)2/BackCross, ai__3 ZnSO4/Kavir, ai__4 Zn(Arg)2/Kavir, Figure 3), but the 40 Foliar GT rows span more source x cultivar x year x replicate combinations and carry no within-GT disambiguator to bind a specific obs_id to a specific AI cell.",low
gt__khoshgoftarmanesh_2013__r33,khoshgoftarmanesh_2013,AMBIGUOUS,,"GT Foliar grain_zn row (study_id=58) with no Zn-source/cultivar/year descriptor. AI extracted 4 Foliar cells (ai__1 ZnSO4/BackCross, ai__2 Zn(Arg)2/BackCross, ai__3 ZnSO4/Kavir, ai__4 Zn(Arg)2/Kavir, Figure 3), but the 40 Foliar GT rows span more source x cultivar x year x replicate combinations and carry no within-GT disambiguator to bind a specific obs_id to a specific AI cell.",low
gt__khoshgoftarmanesh_2013__r34,khoshgoftarmanesh_2013,AMBIGUOUS,,"GT Foliar grain_zn row (study_id=58) with no Zn-source/cultivar/year descriptor. AI extracted 4 Foliar cells (ai__1 ZnSO4/BackCross, ai__2 Zn(Arg)2/BackCross, ai__3 ZnSO4/Kavir, ai__4 Zn(Arg)2/Kavir, Figure 3), but the 40 Foliar GT rows span more source x cultivar x year x replicate combinations and carry no within-GT disambiguator to bind a specific obs_id to a specific AI cell.",low
gt__khoshgoftarmanesh_2013__r35,khoshgoftarmanesh_2013,AMBIGUOUS,,"GT Foliar grain_zn row (study_id=58) with no Zn-source/cultivar/year descriptor. AI extracted 4 Foliar cells (ai__1 ZnSO4/BackCross, ai__2 Zn(Arg)2/BackCross, ai__3 ZnSO4/Kavir, ai__4 Zn(Arg)2/Kavir, Figure 3), but the 40 Foliar GT rows span more source x cultivar x year x replicate combinations and carry no within-GT disambiguator to bind a specific obs_id to a specific AI cell.",low
gt__khoshgoftarmanesh_2013__r36,khoshgoftarmanesh_2013,AMBIGUOUS,,"GT Foliar grain_zn row (study_id=58) with no Zn-source/cultivar/year descriptor. AI extracted 4 Foliar cells (ai__1 ZnSO4/BackCross, ai__2 Zn(Arg)2/BackCross, ai__3 ZnSO4/Kavir, ai__4 Zn(Arg)2/Kavir, Figure 3), but the 40 Foliar GT rows span more source x cultivar x year x replicate combinations and carry no within-GT disambiguator to bind a specific obs_id to a specific AI cell.",low
gt__khoshgoftarmanesh_2013__r37,khoshgoftarmanesh_2013,AMBIGUOUS,,"GT Foliar grain_zn row (study_id=58) with no Zn-source/cultivar/year descriptor. AI extracted 4 Foliar cells (ai__1 ZnSO4/BackCross, ai__2 Zn(Arg)2/BackCross, ai__3 ZnSO4/Kavir, ai__4 Zn(Arg)2/Kavir, Figure 3), but the 40 Foliar GT rows span more source x cultivar x year x replicate combinations and carry no within-GT disambiguator to bind a specific obs_id to a specific AI cell.",low
gt__khoshgoftarmanesh_2013__r38,khoshgoftarmanesh_2013,AMBIGUOUS,,"GT Foliar grain_zn row (study_id=58) with no Zn-source/cultivar/year descriptor. AI extracted 4 Foliar cells (ai__1 ZnSO4/BackCross, ai__2 Zn(Arg)2/BackCross, ai__3 ZnSO4/Kavir, ai__4 Zn(Arg)2/Kavir, Figure 3), but the 40 Foliar GT rows span more source x cultivar x year x replicate combinations and carry no within-GT disambiguator to bind a specific obs_id to a specific AI cell.",low
gt__khoshgoftarmanesh_2013__r39,khoshgoftarmanesh_2013,AMBIGUOUS,,"GT Foliar grain_zn row (study_id=58) with no Zn-source/cultivar/year descriptor. AI extracted 4 Foliar cells (ai__1 ZnSO4/BackCross, ai__2 Zn(Arg)2/BackCross, ai__3 ZnSO4/Kavir, ai__4 Zn(Arg)2/Kavir, Figure 3), but the 40 Foliar GT rows span more source x cultivar x year x replicate combinations and carry no within-GT disambiguator to bind a specific obs_id to a specific AI cell.",low
gt__khoshgoftarmanesh_2013__r40,khoshgoftarmanesh_2013,AMBIGUOUS,,"GT Foliar grain_zn row (study_id=58) with no Zn-source/cultivar/year descriptor. AI extracted 4 Foliar cells (ai__1 ZnSO4/BackCross, ai__2 Zn(Arg)2/BackCross, ai__3 ZnSO4/Kavir, ai__4 Zn(Arg)2/Kavir, Figure 3), but the 40 Foliar GT rows span more source x cultivar x year x replicate combinations and carry no within-GT disambiguator to bind a specific obs_id to a specific AI cell.",low
gt__khoshgoftarmanesh_2013__r41,khoshgoftarmanesh_2013,AMBIGUOUS,,"GT Foliar grain_zn row (study_id=58) with no Zn-source/cultivar/year descriptor. AI extracted 4 Foliar cells (ai__1 ZnSO4/BackCross, ai__2 Zn(Arg)2/BackCross, ai__3 ZnSO4/Kavir, ai__4 Zn(Arg)2/Kavir, Figure 3), but the 40 Foliar GT rows span more source x cultivar x year x replicate combinations and carry no within-GT disambiguator to bind a specific obs_id to a specific AI cell.",low
gt__khoshgoftarmanesh_2013__r42,khoshgoftarmanesh_2013,AMBIGUOUS,,"GT Foliar grain_zn row (study_id=58) with no Zn-source/cultivar/year descriptor. AI extracted 4 Foliar cells (ai__1 ZnSO4/BackCross, ai__2 Zn(Arg)2/BackCross, ai__3 ZnSO4/Kavir, ai__4 Zn(Arg)2/Kavir, Figure 3), but the 40 Foliar GT rows span more source x cultivar x year x replicate combinations and carry no within-GT disambiguator to bind a specific obs_id to a specific AI cell.",low
gt__khoshgoftarmanesh_2013__r43,khoshgoftarmanesh_2013,AMBIGUOUS,,"GT Foliar grain_zn row (study_id=58) with no Zn-source/cultivar/year descriptor. AI extracted 4 Foliar cells (ai__1 ZnSO4/BackCross, ai__2 Zn(Arg)2/BackCross, ai__3 ZnSO4/Kavir, ai__4 Zn(Arg)2/Kavir, Figure 3), but the 40 Foliar GT rows span more source x cultivar x year x replicate combinations and carry no within-GT disambiguator to bind a specific obs_id to a specific AI cell.",low
gt__khoshgoftarmanesh_2013__r44,khoshgoftarmanesh_2013,AMBIGUOUS,,"GT Foliar grain_zn row (study_id=58) with no Zn-source/cultivar/year descriptor. AI extracted 4 Foliar cells (ai__1 ZnSO4/BackCross, ai__2 Zn(Arg)2/BackCross, ai__3 ZnSO4/Kavir, ai__4 Zn(Arg)2/Kavir, Figure 3), but the 40 Foliar GT rows span more source x cultivar x year x replicate combinations and carry no within-GT disambiguator to bind a specific obs_id to a specific AI cell.",low
gt__khoshgoftarmanesh_2013__r45,khoshgoftarmanesh_2013,AMBIGUOUS,,"GT Foliar grain_zn row (study_id=58) with no Zn-source/cultivar/year descriptor. AI extracted 4 Foliar cells (ai__1 ZnSO4/BackCross, ai__2 Zn(Arg)2/BackCross, ai__3 ZnSO4/Kavir, ai__4 Zn(Arg)2/Kavir, Figure 3), but the 40 Foliar GT rows span more source x cultivar x year x replicate combinations and carry no within-GT disambiguator to bind a specific obs_id to a specific AI cell.",low
gt__khoshgoftarmanesh_2013__r46,khoshgoftarmanesh_2013,AMBIGUOUS,,"GT Foliar grain_zn row (study_id=58) with no Zn-source/cultivar/year descriptor. AI extracted 4 Foliar cells (ai__1 ZnSO4/BackCross, ai__2 Zn(Arg)2/BackCross, ai__3 ZnSO4/Kavir, ai__4 Zn(Arg)2/Kavir, Figure 3), but the 40 Foliar GT rows span more source x cultivar x year x replicate combinations and carry no within-GT disambiguator to bind a specific obs_id to a specific AI cell.",low
gt__khoshgoftarmanesh_2013__r47,khoshgoftarmanesh_2013,AMBIGUOUS,,"GT Foliar grain_zn row (study_id=58) with no Zn-source/cultivar/year descriptor. AI extracted 4 Foliar cells (ai__1 ZnSO4/BackCross, ai__2 Zn(Arg)2/BackCross, ai__3 ZnSO4/Kavir, ai__4 Zn(Arg)2/Kavir, Figure 3), but the 40 Foliar GT rows span more source x cultivar x year x replicate combinations and carry no within-GT disambiguator to bind a specific obs_id to a specific AI cell.",low
gt__khoshgoftarmanesh_2013__r48,khoshgoftarmanesh_2013,AMBIGUOUS,,"GT Foliar grain_zn row (study_id=58) with no Zn-source/cultivar/year descriptor. AI extracted 4 Foliar cells (ai__1 ZnSO4/BackCross, ai__2 Zn(Arg)2/BackCross, ai__3 ZnSO4/Kavir, ai__4 Zn(Arg)2/Kavir, Figure 3), but the 40 Foliar GT rows span more source x cultivar x year x replicate combinations and carry no within-GT disambiguator to bind a specific obs_id to a specific AI cell.",low
gt__khoshgoftarmanesh_2013__r49,khoshgoftarmanesh_2013,AMBIGUOUS,,"GT Foliar grain_zn row (study_id=58) with no Zn-source/cultivar/year descriptor. AI extracted 4 Foliar cells (ai__1 ZnSO4/BackCross, ai__2 Zn(Arg)2/BackCross, ai__3 ZnSO4/Kavir, ai__4 Zn(Arg)2/Kavir, Figure 3), but the 40 Foliar GT rows span more source x cultivar x year x replicate combinations and carry no within-GT disambiguator to bind a specific obs_id to a specific AI cell.",low
gt__khoshgoftarmanesh_2013__r50,khoshgoftarmanesh_2013,AMBIGUOUS,,"GT Foliar grain_zn row (study_id=58) with no Zn-source/cultivar/year descriptor. AI extracted 4 Foliar cells (ai__1 ZnSO4/BackCross, ai__2 Zn(Arg)2/BackCross, ai__3 ZnSO4/Kavir, ai__4 Zn(Arg)2/Kavir, Figure 3), but the 40 Foliar GT rows span more source x cultivar x year x replicate combinations and carry no within-GT disambiguator to bind a specific obs_id to a specific AI cell.",low
gt__khoshgoftarmanesh_2013__r51,khoshgoftarmanesh_2013,AMBIGUOUS,,"GT Foliar grain_zn row (study_id=58) with no Zn-source/cultivar/year descriptor. AI extracted 4 Foliar cells (ai__1 ZnSO4/BackCross, ai__2 Zn(Arg)2/BackCross, ai__3 ZnSO4/Kavir, ai__4 Zn(Arg)2/Kavir, Figure 3), but the 40 Foliar GT rows span more source x cultivar x year x replicate combinations and carry no within-GT disambiguator to bind a specific obs_id to a specific AI cell.",low
gt__khoshgoftarmanesh_2013__r52,khoshgoftarmanesh_2013,AMBIGUOUS,,"GT Foliar grain_zn row (study_id=58) with no Zn-source/cultivar/year descriptor. AI extracted 4 Foliar cells (ai__1 ZnSO4/BackCross, ai__2 Zn(Arg)2/BackCross, ai__3 ZnSO4/Kavir, ai__4 Zn(Arg)2/Kavir, Figure 3), but the 40 Foliar GT rows span more source x cultivar x year x replicate combinations and carry no within-GT disambiguator to bind a specific obs_id to a specific AI cell.",low
gt__khoshgoftarmanesh_2013__r53,khoshgoftarmanesh_2013,AMBIGUOUS,,"GT Foliar grain_zn row (study_id=58) with no Zn-source/cultivar/year descriptor. AI extracted 4 Foliar cells (ai__1 ZnSO4/BackCross, ai__2 Zn(Arg)2/BackCross, ai__3 ZnSO4/Kavir, ai__4 Zn(Arg)2/Kavir, Figure 3), but the 40 Foliar GT rows span more source x cultivar x year x replicate combinations and carry no within-GT disambiguator to bind a specific obs_id to a specific AI cell.",low
gt__khoshgoftarmanesh_2013__r54,khoshgoftarmanesh_2013,AMBIGUOUS,,"GT Foliar grain_zn row (study_id=58) with no Zn-source/cultivar/year descriptor. AI extracted 4 Foliar cells (ai__1 ZnSO4/BackCross, ai__2 Zn(Arg)2/BackCross, ai__3 ZnSO4/Kavir, ai__4 Zn(Arg)2/Kavir, Figure 3), but the 40 Foliar GT rows span more source x cultivar x year x replicate combinations and carry no within-GT disambiguator to bind a specific obs_id to a specific AI cell.",low
gt__khoshgoftarmanesh_2013__r55,khoshgoftarmanesh_2013,AMBIGUOUS,,"GT Foliar grain_zn row (study_id=58) with no Zn-source/cultivar/year descriptor. AI extracted 4 Foliar cells (ai__1 ZnSO4/BackCross, ai__2 Zn(Arg)2/BackCross, ai__3 ZnSO4/Kavir, ai__4 Zn(Arg)2/Kavir, Figure 3), but the 40 Foliar GT rows span more source x cultivar x year x replicate combinations and carry no within-GT disambiguator to bind a specific obs_id to a specific AI cell.",low
gt__khoshgoftarmanesh_2013__r56,khoshgoftarmanesh_2013,AMBIGUOUS,,"GT Foliar grain_zn row (study_id=58) with no Zn-source/cultivar/year descriptor. AI extracted 4 Foliar cells (ai__1 ZnSO4/BackCross, ai__2 Zn(Arg)2/BackCross, ai__3 ZnSO4/Kavir, ai__4 Zn(Arg)2/Kavir, Figure 3), but the 40 Foliar GT rows span more source x cultivar x year x replicate combinations and carry no within-GT disambiguator to bind a specific obs_id to a specific AI cell.",low
gt__khoshgoftarmanesh_2013__r57,khoshgoftarmanesh_2013,AMBIGUOUS,,"GT Foliar grain_zn row (study_id=58) with no Zn-source/cultivar/year descriptor. AI extracted 4 Foliar cells (ai__1 ZnSO4/BackCross, ai__2 Zn(Arg)2/BackCross, ai__3 ZnSO4/Kavir, ai__4 Zn(Arg)2/Kavir, Figure 3), but the 40 Foliar GT rows span more source x cultivar x year x replicate combinations and carry no within-GT disambiguator to bind a specific obs_id to a specific AI cell.",low
gt__khoshgoftarmanesh_2013__r58,khoshgoftarmanesh_2013,AMBIGUOUS,,"GT Foliar grain_zn row (study_id=58) with no Zn-source/cultivar/year descriptor. AI extracted 4 Foliar cells (ai__1 ZnSO4/BackCross, ai__2 Zn(Arg)2/BackCross, ai__3 ZnSO4/Kavir, ai__4 Zn(Arg)2/Kavir, Figure 3), but the 40 Foliar GT rows span more source x cultivar x year x replicate combinations and carry no within-GT disambiguator to bind a specific obs_id to a specific AI cell.",low
gt__khoshgoftarmanesh_2013__r59,khoshgoftarmanesh_2013,AMBIGUOUS,,"GT Foliar grain_zn row (study_id=58) with no Zn-source/cultivar/year descriptor. AI extracted 4 Foliar cells (ai__1 ZnSO4/BackCross, ai__2 Zn(Arg)2/BackCross, ai__3 ZnSO4/Kavir, ai__4 Zn(Arg)2/Kavir, Figure 3), but the 40 Foliar GT rows span more source x cultivar x year x replicate combinations and carry no within-GT disambiguator to bind a specific obs_id to a specific AI cell.",low
gt__kumar_2018__r0,kumar_2018,NO_MATCH,,GT r0 is a Foliar grain_zn row. AI extracted ZERO rows for kumar_2018 (file contains header only).,high
gt__kumar_2018__r1,kumar_2018,NO_MATCH,,GT r1 is a Foliar grain_zn row. AI extracted ZERO rows for kumar_2018.,high
gt__kumar_2018__r2,kumar_2018,NO_MATCH,,GT r2 is a Soil+Foliar grain_zn row. AI extracted ZERO rows for kumar_2018.,high
gt__kumar_2018__r3,kumar_2018,NO_MATCH,,GT r3 is a Soil+Foliar grain_zn row. AI extracted ZERO rows for kumar_2018.,high
gt__liu_2014__r0,liu_2014,NO_MATCH,,"GT (study_id=16) is the real Liu, D.Y. et al. 2014 wheat Zn-fertilization-method field study (Soil); AI extracted from the mislabeled 'Liu_2014.pdf' which is actually Uddin, Kaczmarczyk & Vincze 2014 barley greenhouse study (cv Golden Promise, soil+foliar Low/Medium/High Zn). Different crop (wheat vs barley) and design; no AI row represents this wheat soil contrast.",high
gt__liu_2014__r1,liu_2014,NO_MATCH,,Same as r0: GT=Liu 2014 wheat (Soil); AI=Uddin 2014 barley. No counterpart.,high
gt__liu_2014__r2,liu_2014,NO_MATCH,,Same as r0: GT=Liu 2014 wheat (Soil); AI=Uddin 2014 barley. No counterpart.,high
gt__liu_2014__r3,liu_2014,NO_MATCH,,Same as r0: GT=Liu 2014 wheat (Soil); AI=Uddin 2014 barley. No counterpart.,high
gt__liu_2014__r4,liu_2014,NO_MATCH,,GT=Liu 2014 wheat Foliar (study_id=1); AI=Uddin 2014 barley (only soil+foliar combined treatments). No foliar-only counterpart.,high
gt__liu_2014__r5,liu_2014,NO_MATCH,,GT=Liu 2014 wheat Foliar (study_id=1); AI=Uddin 2014 barley. No counterpart.,high
gt__liu_2014__r6,liu_2014,NO_MATCH,,"GT=Liu 2014 wheat Soil+Foliar (study_id=2); AI=Uddin 2014 barley soil+foliar. Although app-method label coincides, crop and study differ (wheat field vs barley greenhouse); not the same experimental cell.",high
gt__liu_2014__r7,liu_2014,NO_MATCH,,GT=Liu 2014 wheat Soil+Foliar (study_id=2); AI=Uddin 2014 barley. Different study/crop.,high
gt__liu_2014__r8,liu_2014,NO_MATCH,,GT=Liu 2014 wheat Soil+Foliar (study_id=2); AI=Uddin 2014 barley. Different study/crop.,high
gt__liu_2014__r9,liu_2014,NO_MATCH,,GT=Liu 2014 wheat Soil+Foliar (study_id=2); AI=Uddin 2014 barley. Different study/crop.,high
gt__liu_2019__r0,liu_2019,AMBIGUOUS,liu_2019__ai__10,"Correct paper (Liu et al. 2019 winter wheat). Table 1 grain Zn has 2 cropping seasons x 5 Zn rates (2.3,5.7,11.4,22.7,34.1) = 10 soil contrasts vs 0 control; GT has 10 Soil rows (obs 93-102). GT rows carry no year/rate disambiguator, so individual obs-to-cell mapping is by table reading order only. r0 = first cell = 2013-2014 @ 2.3 kg/ha -> ai__10 (2013-2014, 2.3 kg/ha).",low
gt__liu_2019__r1,liu_2019,AMBIGUOUS,liu_2019__ai__11,Positional table-order: 2nd cell = 2013-2014 @ 5.7 kg/ha -> ai__11. GT lacks within-row rate/year disambiguator.,low
gt__liu_2019__r2,liu_2019,AMBIGUOUS,liu_2019__ai__12,Positional table-order: 3rd cell = 2013-2014 @ 11.4 kg/ha -> ai__12. GT lacks within-row disambiguator.,low
gt__liu_2019__r3,liu_2019,AMBIGUOUS,liu_2019__ai__13,Positional table-order: 4th cell = 2013-2014 @ 22.7 kg/ha -> ai__13. GT lacks within-row disambiguator.,low
gt__liu_2019__r4,liu_2019,AMBIGUOUS,liu_2019__ai__14,Positional table-order: 5th cell = 2013-2014 @ 34.1 kg/ha -> ai__14. GT lacks within-row disambiguator.,low
gt__liu_2019__r5,liu_2019,AMBIGUOUS,,"Positional table-order: 6th cell = 2014-2015 @ 2.3 kg/ha. AI did not extract this cell (AI has 2014-2015 rates 5.7,11.4,22.7,34.1 only; the 2.3 kg/ha row for 2014-2015 is absent). GT lacks within-row disambiguator confirming this is the missing 2.3 cell.",low
gt__liu_2019__r6,liu_2019,AMBIGUOUS,liu_2019__ai__42,Positional table-order: 7th cell = 2014-2015 @ 5.7 kg/ha -> ai__42. GT lacks within-row disambiguator.,low
gt__liu_2019__r7,liu_2019,AMBIGUOUS,liu_2019__ai__43,Positional table-order: 8th cell = 2014-2015 @ 11.4 kg/ha -> ai__43. GT lacks within-row disambiguator.,low
gt__liu_2019__r8,liu_2019,AMBIGUOUS,liu_2019__ai__44,Positional table-order: 9th cell = 2014-2015 @ 22.7 kg/ha -> ai__44. GT lacks within-row disambiguator.,low
gt__liu_2019__r9,liu_2019,AMBIGUOUS,liu_2019__ai__45,Positional table-order: 10th cell = 2014-2015 @ 34.1 kg/ha -> ai__45. GT lacks within-row disambiguator.,low
gt__li_2013__r0,li_2013,NO_MATCH,,"GT (study_id=19) is the real Li, M.H. et al. 2013 wheat Zn-application-method study (Soil); AI extracted from the mislabeled 'Li_2013.pdf' which is actually Impa et al. 2013 rice solution-culture genotype-screening (12 rice cultivars, Zn-sufficient vs Zn-deficient). Different crop (wheat vs rice), different design; no AI row represents this wheat soil contrast.",high
gt__li_2013__r1,li_2013,NO_MATCH,,Same as r0: GT=Li 2013 wheat (Soil); AI=Impa 2013 rice solution-culture. No counterpart.,high
gt__li_2013__r2,li_2013,NO_MATCH,,Same as r0: GT=Li 2013 wheat (Soil); AI=Impa 2013 rice solution-culture. No counterpart.,high
gt__li_2013__r3,li_2013,NO_MATCH,,Same as r0: GT=Li 2013 wheat (Soil); AI=Impa 2013 rice solution-culture. No counterpart.,high
gt__li_2013__r4,li_2013,NO_MATCH,,GT=Li 2013 wheat Foliar (study_id=10); AI=Impa 2013 rice solution-culture with no foliar treatment. No counterpart.,high
gt__li_2013__r5,li_2013,NO_MATCH,,GT=Li 2013 wheat Foliar (study_id=10); AI=Impa 2013 rice. No counterpart.,high
gt__li_2013__r6,li_2013,NO_MATCH,,GT=Li 2013 wheat Foliar (study_id=10); AI=Impa 2013 rice. No counterpart.,high
gt__li_2013__r7,li_2013,NO_MATCH,,GT=Li 2013 wheat Foliar (study_id=10); AI=Impa 2013 rice. No counterpart.,high
gt__li_2013__r8,li_2013,NO_MATCH,,GT=Li 2013 wheat Soil+Foliar (study_id=3); AI=Impa 2013 rice. No counterpart.,high
gt__li_2013__r9,li_2013,NO_MATCH,,GT=Li 2013 wheat Soil+Foliar (study_id=3); AI=Impa 2013 rice. No counterpart.,high
gt__li_2013__r10,li_2013,NO_MATCH,,GT=Li 2013 wheat Soil+Foliar (study_id=3); AI=Impa 2013 rice. No counterpart.,high
gt__li_2013__r11,li_2013,NO_MATCH,,GT=Li 2013 wheat Soil+Foliar (study_id=3); AI=Impa 2013 rice. No counterpart.,high
gt__pahlavanrad_2009__r0,pahlavanrad_2009,AMBIGUOUS,pahlavanrad_2009__ai__1,"Correct paper (Pahlavan-Rad & Pessarakli 2009 wheat). Two soil ZnSO4 rates (40, 80 kg/ha) + one foliar 0.5%. GT has 2 Soil rows (obs 637,638) carrying no rate disambiguator. By ascending obs_id/table order, r0 = lower soil rate -> ai__1 (40 kg/ha, znrate_rank1). The {Soil-40,Soil-80} set maps to {ai__1,ai__2}, but individual obs-to-rate assignment is inferred positionally.",med
gt__pahlavanrad_2009__r1,pahlavanrad_2009,AMBIGUOUS,pahlavanrad_2009__ai__2,"Soil row; by ascending obs_id/table order r1 = higher soil rate -> ai__2 (80 kg/ha, znrate_rank2). GT lacks within-row rate disambiguator; positional inference.",med
gt__pahlavanrad_2009__r2,pahlavanrad_2009,MATCH,pahlavanrad_2009__ai__3,"GT Foliar row (obs 619) <-> AI ai__3 (foliar 0.5% Zn). Single foliar treatment in study, single foliar GT row; unambiguous one-to-one app-method match.",high
gt__peck_2008__r0,peck_2008,AMBIGUOUS,,"Correct paper (Peck et al. 2008 bread wheat). Table 2 grain Zn has 10 soil-only contrasts (rates 2.5/7.5/22.5 across 6 site-years) and 8 soil+foliar contrasts (7.5+1spray, 7.5+2sprays). GT r0-r9 = 10 Soil rows (study_id=68, obs 640-649), r10-r17 = 8 Soil+Foliar (study_id=21). AI extracted only 12 rows, ALL labeled Soil, with several misread/non-existent cells (e.g. 2.5 at Lameroo/Tintinara/Horsham, 22.5 at Birchip/Horsham - not present in Table 2) and ZERO foliar/spray rows. GT Soil rows carry no site/rate disambiguator, and AI's soil cells do not cleanly correspond to the paper's actual soil-only cells, so per-obs assignment is indeterminate.",low
gt__peck_2008__r1,peck_2008,AMBIGUOUS,,Soil row; same indeterminacy as r0. GT carries only obs_id (641); AI soil cells unreliable/misread.,low
gt__peck_2008__r2,peck_2008,AMBIGUOUS,,Soil row; same indeterminacy as r0 (obs 642).,low
gt__peck_2008__r3,peck_2008,AMBIGUOUS,,Soil row; same indeterminacy as r0 (obs 643).,low
gt__peck_2008__r4,peck_2008,AMBIGUOUS,,Soil row; same indeterminacy as r0 (obs 644).,low
gt__peck_2008__r5,peck_2008,AMBIGUOUS,,Soil row; same indeterminacy as r0 (obs 645).,low
gt__peck_2008__r6,peck_2008,AMBIGUOUS,,Soil row; same indeterminacy as r0 (obs 646).,low
gt__peck_2008__r7,peck_2008,AMBIGUOUS,,Soil row; same indeterminacy as r0 (obs 647).,low
gt__peck_2008__r8,peck_2008,AMBIGUOUS,,Soil row; same indeterminacy as r0 (obs 648).,low
gt__peck_2008__r9,peck_2008,AMBIGUOUS,,Soil row; same indeterminacy as r0 (obs 649).,low
gt__peck_2008__r10,peck_2008,NO_MATCH,,"GT Soil+Foliar row (study_id=21, obs 132). AI extracted NO foliar/spray treatments (all 12 AI rows are Soil-only); no soil+foliar counterpart exists.",high
gt__peck_2008__r11,peck_2008,NO_MATCH,,GT Soil+Foliar row (obs 133). AI extracted no foliar treatments.,high
gt__peck_2008__r12,peck_2008,NO_MATCH,,GT Soil+Foliar row (obs 134). AI extracted no foliar treatments.,high
gt__peck_2008__r13,peck_2008,NO_MATCH,,GT Soil+Foliar row (obs 135). AI extracted no foliar treatments.,high
gt__peck_2008__r14,peck_2008,NO_MATCH,,GT Soil+Foliar row (obs 136). AI extracted no foliar treatments.,high
gt__peck_2008__r15,peck_2008,NO_MATCH,,GT Soil+Foliar row (obs 137). AI extracted no foliar treatments.,high
gt__peck_2008__r16,peck_2008,NO_MATCH,,GT Soil+Foliar row (obs 138). AI extracted no foliar treatments.,high
gt__peck_2008__r17,peck_2008,NO_MATCH,,GT Soil+Foliar row (obs 139). AI extracted no foliar treatments.,high
gt__ramzan_2020__r0,ramzan_2020,NO_MATCH,,GT is wheat grain_zn Soil application; AI file for ramzan_2020 contains only a header row with no extracted observations,high
gt__ramzan_2020__r1,ramzan_2020,NO_MATCH,,GT is wheat grain_zn Soil application; AI file for ramzan_2020 contains only a header row with no extracted observations,high
gt__ramzan_2020__r2,ramzan_2020,NO_MATCH,,GT is wheat grain_zn Foliar application; AI file for ramzan_2020 contains only a header row with no extracted observations,high
gt__ramzan_2020__r3,ramzan_2020,NO_MATCH,,GT is wheat grain_zn Foliar application; AI file for ramzan_2020 contains only a header row with no extracted observations,high
gt__rashid_2019__r0,rashid_2019,AMBIGUOUS,rashid_2019__ai__0,GT is wheat Soil Zn keyed only by country=China; AI has 4 China wheat rows (Hebei-Quzhou/Shaanxi-Yongshou x 2 years: ai0-ai3). GT carries no location/cultivar/year disambiguator so the specific China row is indeterminate; assigned to first China AI row,low
gt__rashid_2019__r1,rashid_2019,AMBIGUOUS,rashid_2019__ai__1,GT wheat Soil Zn country=China; one of 4 China AI rows (ai0-ai3). No within-country disambiguator in GT descriptor,low
gt__rashid_2019__r2,rashid_2019,AMBIGUOUS,rashid_2019__ai__2,GT wheat Soil Zn country=China; one of 4 China AI rows (ai0-ai3). No within-country disambiguator in GT descriptor,low
gt__rashid_2019__r3,rashid_2019,AMBIGUOUS,rashid_2019__ai__3,GT wheat Soil Zn country=China; one of 4 China AI rows (ai0-ai3). No within-country disambiguator in GT descriptor,low
gt__rashid_2019__r4,rashid_2019,AMBIGUOUS,rashid_2019__ai__4,GT wheat Soil Zn country=India; AI has 6 India wheat rows (Ludhiana/Bathinda/Gurdaspur x years: ai4-ai9). GT carries no location/cultivar/year disambiguator,low
gt__rashid_2019__r5,rashid_2019,AMBIGUOUS,rashid_2019__ai__5,GT wheat Soil Zn country=India; one of 6 India AI rows (ai4-ai9). No within-country disambiguator in GT descriptor,low
gt__rashid_2019__r6,rashid_2019,AMBIGUOUS,rashid_2019__ai__6,GT wheat Soil Zn country=India; one of 6 India AI rows (ai4-ai9). No within-country disambiguator in GT descriptor,low
gt__rashid_2019__r7,rashid_2019,AMBIGUOUS,rashid_2019__ai__7,GT wheat Soil Zn country=India; one of 6 India AI rows (ai4-ai9). No within-country disambiguator in GT descriptor,low
gt__rashid_2019__r8,rashid_2019,AMBIGUOUS,rashid_2019__ai__8,GT wheat Soil Zn country=India; one of 6 India AI rows (ai4-ai9). No within-country disambiguator in GT descriptor,low
gt__rashid_2019__r9,rashid_2019,AMBIGUOUS,rashid_2019__ai__9,GT wheat Soil Zn country=India; one of 6 India AI rows (ai4-ai9). No within-country disambiguator in GT descriptor,low
gt__rashid_2019__r10,rashid_2019,AMBIGUOUS,rashid_2019__ai__10,GT wheat Soil Zn country=Pakistan; AI has 5 Pakistan wheat rows (Faisalabad/Muridke/Kabirwala: ai10-ai14). GT carries no location/cultivar/year disambiguator,low
gt__rashid_2019__r11,rashid_2019,AMBIGUOUS,rashid_2019__ai__11,GT wheat Soil Zn country=Pakistan; one of 5 Pakistan AI rows (ai10-ai14). No within-country disambiguator in GT descriptor,low
gt__rashid_2019__r12,rashid_2019,AMBIGUOUS,rashid_2019__ai__12,GT wheat Soil Zn country=Pakistan; one of 5 Pakistan AI rows (ai10-ai14). No within-country disambiguator in GT descriptor,low
gt__rashid_2019__r13,rashid_2019,AMBIGUOUS,rashid_2019__ai__13,GT wheat Soil Zn country=Pakistan; one of 5 Pakistan AI rows (ai10-ai14). No within-country disambiguator in GT descriptor,low
gt__rashid_2019__r14,rashid_2019,AMBIGUOUS,rashid_2019__ai__14,GT wheat Soil Zn country=Pakistan; one of 5 Pakistan AI rows (ai10-ai14). No within-country disambiguator in GT descriptor,low
gt__rashid_2019__r15,rashid_2019,AMBIGUOUS,rashid_2019__ai__15,GT wheat Soil Zn country=Zambia; AI has 4 Zambia wheat rows (Chisamba/Chilanga x 2 years: ai15-ai18). GT carries no location/cultivar/year disambiguator,low
gt__rashid_2019__r16,rashid_2019,AMBIGUOUS,rashid_2019__ai__16,GT wheat Soil Zn country=Zambia; one of 4 Zambia AI rows (ai15-ai18). No within-country disambiguator in GT descriptor,low
gt__rashid_2019__r17,rashid_2019,AMBIGUOUS,rashid_2019__ai__17,GT wheat Soil Zn country=Zambia; one of 4 Zambia AI rows (ai15-ai18). No within-country disambiguator in GT descriptor,low
gt__rashid_2019__r18,rashid_2019,AMBIGUOUS,rashid_2019__ai__18,GT wheat Soil Zn country=Zambia; one of 4 Zambia AI rows (ai15-ai18). No within-country disambiguator in GT descriptor,low
gt__rehman_2018__r0,rehman_2018,AMBIGUOUS,rehman_2018__ai__0,"GT study_id=70 Soil Zn wheat; AI has 56 Soil rows = 28 cultivars x 2 years (Soil Zn 10 kg/ha) from same paper. GT descriptor carries no cultivar/year key, so exact cultivar pairing is indeterminate; mapped positionally (counts 56=56 align)",low
gt__rehman_2018__r1,rehman_2018,AMBIGUOUS,rehman_2018__ai__1,GT study_id=70 Soil Zn wheat; one of 56 AI Soil cultivar-year rows. No cultivar/year disambiguator in GT; mapped positionally,low
gt__rehman_2018__r2,rehman_2018,AMBIGUOUS,rehman_2018__ai__2,GT study_id=70 Soil Zn wheat; one of 56 AI Soil cultivar-year rows. No cultivar/year disambiguator in GT; mapped positionally,low
gt__rehman_2018__r3,rehman_2018,AMBIGUOUS,rehman_2018__ai__3,GT study_id=70 Soil Zn wheat; one of 56 AI Soil cultivar-year rows. No cultivar/year disambiguator in GT; mapped positionally,low
gt__rehman_2018__r4,rehman_2018,AMBIGUOUS,rehman_2018__ai__4,GT study_id=70 Soil Zn wheat; one of 56 AI Soil cultivar-year rows. No cultivar/year disambiguator in GT; mapped positionally,low
gt__rehman_2018__r5,rehman_2018,AMBIGUOUS,rehman_2018__ai__5,GT study_id=70 Soil Zn wheat; one of 56 AI Soil cultivar-year rows. No cultivar/year disambiguator in GT; mapped positionally,low
gt__rehman_2018__r6,rehman_2018,AMBIGUOUS,rehman_2018__ai__6,GT study_id=70 Soil Zn wheat; one of 56 AI Soil cultivar-year rows. No cultivar/year disambiguator in GT; mapped positionally,low
gt__rehman_2018__r7,rehman_2018,AMBIGUOUS,rehman_2018__ai__7,GT study_id=70 Soil Zn wheat; one of 56 AI Soil cultivar-year rows. No cultivar/year disambiguator in GT; mapped positionally,low
gt__rehman_2018__r8,rehman_2018,AMBIGUOUS,rehman_2018__ai__8,GT study_id=70 Soil Zn wheat; one of 56 AI Soil cultivar-year rows. No cultivar/year disambiguator in GT; mapped positionally,low
gt__rehman_2018__r9,rehman_2018,AMBIGUOUS,rehman_2018__ai__9,GT study_id=70 Soil Zn wheat; one of 56 AI Soil cultivar-year rows. No cultivar/year disambiguator in GT; mapped positionally,low
gt__rehman_2018__r10,rehman_2018,AMBIGUOUS,rehman_2018__ai__10,GT study_id=70 Soil Zn wheat; one of 56 AI Soil cultivar-year rows. No cultivar/year disambiguator in GT; mapped positionally,low
gt__rehman_2018__r11,rehman_2018,AMBIGUOUS,rehman_2018__ai__11,GT study_id=70 Soil Zn wheat; one of 56 AI Soil cultivar-year rows. No cultivar/year disambiguator in GT; mapped positionally,low
gt__rehman_2018__r12,rehman_2018,AMBIGUOUS,rehman_2018__ai__12,GT study_id=70 Soil Zn wheat; one of 56 AI Soil cultivar-year rows. No cultivar/year disambiguator in GT; mapped positionally,low
gt__rehman_2018__r13,rehman_2018,AMBIGUOUS,rehman_2018__ai__13,GT study_id=70 Soil Zn wheat; one of 56 AI Soil cultivar-year rows. No cultivar/year disambiguator in GT; mapped positionally,low
gt__rehman_2018__r14,rehman_2018,AMBIGUOUS,rehman_2018__ai__14,GT study_id=70 Soil Zn wheat; one of 56 AI Soil cultivar-year rows. No cultivar/year disambiguator in GT; mapped positionally,low
gt__rehman_2018__r15,rehman_2018,AMBIGUOUS,rehman_2018__ai__15,GT study_id=70 Soil Zn wheat; one of 56 AI Soil cultivar-year rows. No cultivar/year disambiguator in GT; mapped positionally,low
gt__rehman_2018__r16,rehman_2018,AMBIGUOUS,rehman_2018__ai__16,GT study_id=70 Soil Zn wheat; one of 56 AI Soil cultivar-year rows. No cultivar/year disambiguator in GT; mapped positionally,low
gt__rehman_2018__r17,rehman_2018,AMBIGUOUS,rehman_2018__ai__17,GT study_id=70 Soil Zn wheat; one of 56 AI Soil cultivar-year rows. No cultivar/year disambiguator in GT; mapped positionally,low
gt__rehman_2018__r18,rehman_2018,AMBIGUOUS,rehman_2018__ai__18,GT study_id=70 Soil Zn wheat; one of 56 AI Soil cultivar-year rows. No cultivar/year disambiguator in GT; mapped positionally,low
gt__rehman_2018__r19,rehman_2018,AMBIGUOUS,rehman_2018__ai__19,GT study_id=70 Soil Zn wheat; one of 56 AI Soil cultivar-year rows. No cultivar/year disambiguator in GT; mapped positionally,low
gt__rehman_2018__r20,rehman_2018,AMBIGUOUS,rehman_2018__ai__20,GT study_id=70 Soil Zn wheat; one of 56 AI Soil cultivar-year rows. No cultivar/year disambiguator in GT; mapped positionally,low
gt__rehman_2018__r21,rehman_2018,AMBIGUOUS,rehman_2018__ai__21,GT study_id=70 Soil Zn wheat; one of 56 AI Soil cultivar-year rows. No cultivar/year disambiguator in GT; mapped positionally,low
gt__rehman_2018__r22,rehman_2018,AMBIGUOUS,rehman_2018__ai__22,GT study_id=70 Soil Zn wheat; one of 56 AI Soil cultivar-year rows. No cultivar/year disambiguator in GT; mapped positionally,low
gt__rehman_2018__r23,rehman_2018,AMBIGUOUS,rehman_2018__ai__23,GT study_id=70 Soil Zn wheat; one of 56 AI Soil cultivar-year rows. No cultivar/year disambiguator in GT; mapped positionally,low
gt__rehman_2018__r24,rehman_2018,AMBIGUOUS,rehman_2018__ai__24,GT study_id=70 Soil Zn wheat; one of 56 AI Soil cultivar-year rows. No cultivar/year disambiguator in GT; mapped positionally,low
gt__rehman_2018__r25,rehman_2018,AMBIGUOUS,rehman_2018__ai__25,GT study_id=70 Soil Zn wheat; one of 56 AI Soil cultivar-year rows. No cultivar/year disambiguator in GT; mapped positionally,low
gt__rehman_2018__r26,rehman_2018,AMBIGUOUS,rehman_2018__ai__26,GT study_id=70 Soil Zn wheat; one of 56 AI Soil cultivar-year rows. No cultivar/year disambiguator in GT; mapped positionally,low
gt__rehman_2018__r27,rehman_2018,AMBIGUOUS,rehman_2018__ai__27,GT study_id=70 Soil Zn wheat; one of 56 AI Soil cultivar-year rows. No cultivar/year disambiguator in GT; mapped positionally,low
gt__rehman_2018__r28,rehman_2018,AMBIGUOUS,rehman_2018__ai__28,GT study_id=70 Soil Zn wheat; one of 56 AI Soil cultivar-year rows. No cultivar/year disambiguator in GT; mapped positionally,low
gt__rehman_2018__r29,rehman_2018,AMBIGUOUS,rehman_2018__ai__29,GT study_id=70 Soil Zn wheat; one of 56 AI Soil cultivar-year rows. No cultivar/year disambiguator in GT; mapped positionally,low
gt__rehman_2018__r30,rehman_2018,AMBIGUOUS,rehman_2018__ai__30,GT study_id=70 Soil Zn wheat; one of 56 AI Soil cultivar-year rows. No cultivar/year disambiguator in GT; mapped positionally,low
gt__rehman_2018__r31,rehman_2018,AMBIGUOUS,rehman_2018__ai__31,GT study_id=70 Soil Zn wheat; one of 56 AI Soil cultivar-year rows. No cultivar/year disambiguator in GT; mapped positionally,low
gt__rehman_2018__r32,rehman_2018,AMBIGUOUS,rehman_2018__ai__32,GT study_id=70 Soil Zn wheat; one of 56 AI Soil cultivar-year rows. No cultivar/year disambiguator in GT; mapped positionally,low
gt__rehman_2018__r33,rehman_2018,AMBIGUOUS,rehman_2018__ai__33,GT study_id=70 Soil Zn wheat; one of 56 AI Soil cultivar-year rows. No cultivar/year disambiguator in GT; mapped positionally,low
gt__rehman_2018__r34,rehman_2018,AMBIGUOUS,rehman_2018__ai__34,GT study_id=70 Soil Zn wheat; one of 56 AI Soil cultivar-year rows. No cultivar/year disambiguator in GT; mapped positionally,low
gt__rehman_2018__r35,rehman_2018,AMBIGUOUS,rehman_2018__ai__35,GT study_id=70 Soil Zn wheat; one of 56 AI Soil cultivar-year rows. No cultivar/year disambiguator in GT; mapped positionally,low
gt__rehman_2018__r36,rehman_2018,AMBIGUOUS,rehman_2018__ai__36,GT study_id=70 Soil Zn wheat; one of 56 AI Soil cultivar-year rows. No cultivar/year disambiguator in GT; mapped positionally,low
gt__rehman_2018__r37,rehman_2018,AMBIGUOUS,rehman_2018__ai__37,GT study_id=70 Soil Zn wheat; one of 56 AI Soil cultivar-year rows. No cultivar/year disambiguator in GT; mapped positionally,low
gt__rehman_2018__r38,rehman_2018,AMBIGUOUS,rehman_2018__ai__38,GT study_id=70 Soil Zn wheat; one of 56 AI Soil cultivar-year rows. No cultivar/year disambiguator in GT; mapped positionally,low
gt__rehman_2018__r39,rehman_2018,AMBIGUOUS,rehman_2018__ai__39,GT study_id=70 Soil Zn wheat; one of 56 AI Soil cultivar-year rows. No cultivar/year disambiguator in GT; mapped positionally,low
gt__rehman_2018__r40,rehman_2018,AMBIGUOUS,rehman_2018__ai__40,GT study_id=70 Soil Zn wheat; one of 56 AI Soil cultivar-year rows. No cultivar/year disambiguator in GT; mapped positionally,low
gt__rehman_2018__r41,rehman_2018,AMBIGUOUS,rehman_2018__ai__41,GT study_id=70 Soil Zn wheat; one of 56 AI Soil cultivar-year rows. No cultivar/year disambiguator in GT; mapped positionally,low
gt__rehman_2018__r42,rehman_2018,AMBIGUOUS,rehman_2018__ai__42,GT study_id=70 Soil Zn wheat; one of 56 AI Soil cultivar-year rows. No cultivar/year disambiguator in GT; mapped positionally,low
gt__rehman_2018__r43,rehman_2018,AMBIGUOUS,rehman_2018__ai__43,GT study_id=70 Soil Zn wheat; one of 56 AI Soil cultivar-year rows. No cultivar/year disambiguator in GT; mapped positionally,low
gt__rehman_2018__r44,rehman_2018,AMBIGUOUS,rehman_2018__ai__44,GT study_id=70 Soil Zn wheat; one of 56 AI Soil cultivar-year rows. No cultivar/year disambiguator in GT; mapped positionally,low
gt__rehman_2018__r45,rehman_2018,AMBIGUOUS,rehman_2018__ai__45,GT study_id=70 Soil Zn wheat; one of 56 AI Soil cultivar-year rows. No cultivar/year disambiguator in GT; mapped positionally,low
gt__rehman_2018__r46,rehman_2018,AMBIGUOUS,rehman_2018__ai__46,GT study_id=70 Soil Zn wheat; one of 56 AI Soil cultivar-year rows. No cultivar/year disambiguator in GT; mapped positionally,low
gt__rehman_2018__r47,rehman_2018,AMBIGUOUS,rehman_2018__ai__47,GT study_id=70 Soil Zn wheat; one of 56 AI Soil cultivar-year rows. No cultivar/year disambiguator in GT; mapped positionally,low
gt__rehman_2018__r48,rehman_2018,AMBIGUOUS,rehman_2018__ai__48,GT study_id=70 Soil Zn wheat; one of 56 AI Soil cultivar-year rows. No cultivar/year disambiguator in GT; mapped positionally,low
gt__rehman_2018__r49,rehman_2018,AMBIGUOUS,rehman_2018__ai__49,GT study_id=70 Soil Zn wheat; one of 56 AI Soil cultivar-year rows. No cultivar/year disambiguator in GT; mapped positionally,low
gt__rehman_2018__r50,rehman_2018,AMBIGUOUS,rehman_2018__ai__50,GT study_id=70 Soil Zn wheat; one of 56 AI Soil cultivar-year rows. No cultivar/year disambiguator in GT; mapped positionally,low
gt__rehman_2018__r51,rehman_2018,AMBIGUOUS,rehman_2018__ai__51,GT study_id=70 Soil Zn wheat; one of 56 AI Soil cultivar-year rows. No cultivar/year disambiguator in GT; mapped positionally,low
gt__rehman_2018__r52,rehman_2018,AMBIGUOUS,rehman_2018__ai__52,GT study_id=70 Soil Zn wheat; one of 56 AI Soil cultivar-year rows. No cultivar/year disambiguator in GT; mapped positionally,low
gt__rehman_2018__r53,rehman_2018,AMBIGUOUS,rehman_2018__ai__53,GT study_id=70 Soil Zn wheat; one of 56 AI Soil cultivar-year rows. No cultivar/year disambiguator in GT; mapped positionally,low
gt__rehman_2018__r54,rehman_2018,AMBIGUOUS,rehman_2018__ai__54,GT study_id=70 Soil Zn wheat; one of 56 AI Soil cultivar-year rows. No cultivar/year disambiguator in GT; mapped positionally,low
gt__rehman_2018__r55,rehman_2018,AMBIGUOUS,rehman_2018__ai__55,GT study_id=70 Soil Zn wheat; one of 56 AI Soil cultivar-year rows. No cultivar/year disambiguator in GT; mapped positionally,low
gt__rehman_2018__r56,rehman_2018,NO_MATCH,,"GT r56 is study_id=71 (Rehman et al. 2018 'Seed priming of Zn with endophytic bacteria', Soil, n=4) - a different publication from the 28-cultivar bread-wheat paper (study_id=70) the AI extracted",high
gt__rehman_2018__r57,rehman_2018,NO_MATCH,,"GT r57 is study_id=70 Foliar Zn (obs 648, n=4); AI extracted only Soil application rows for this paper, no Foliar treatment row",high
gt__wang_2012__r0,wang_2012,NO_MATCH,,"GT study_id=21 (Wang 2012 Thesis 'Effects of selenium and zinc...dryland', wheat Soil, n=4). AI extracted only the Wang Mao 2012 Field Crops Research Table 3 (maize+wheat, n=6) - a different publication",high
gt__wang_2012__r1,wang_2012,NO_MATCH,,"GT study_id=21 (Wang 2012 Thesis, wheat Soil, n=4). AI extracted only the FCR Table 3 (n=6) publication",high
gt__wang_2012__r2,wang_2012,NO_MATCH,,"GT study_id=21 (Wang 2012 Thesis, wheat Soil, n=4). AI extracted only the FCR Table 3 (n=6) publication",high
gt__wang_2012__r3,wang_2012,NO_MATCH,,"GT study_id=21 (Wang 2012 Thesis, wheat Soil, n=4). AI extracted only the FCR Table 3 (n=6) publication",high
gt__wang_2012__r4,wang_2012,AMBIGUOUS,wang_2012__ai__18,"GT study_id=22 (Wang Mao 2012 FCR, wheat Soil, n=6); AI has 2 wheat Soil(S50) rows from FCR Table 3 (ai18=2008-2009, ai21=2009-2010). GT carries no year disambiguator; mapped to first year",med
gt__wang_2012__r5,wang_2012,AMBIGUOUS,wang_2012__ai__21,"GT study_id=22 (Wang Mao 2012 FCR, wheat Soil, n=6); second of 2 wheat Soil(S50) FCR rows (ai18/ai21). GT carries no year disambiguator; mapped to second year",med
gt__wang_2012__r6,wang_2012,NO_MATCH,,"GT study_id=11 (Wang 2012 Thesis, wheat Foliar, n=4). AI extracted only the FCR Table 3 (n=6) publication",high
gt__wang_2012__r7,wang_2012,NO_MATCH,,"GT study_id=11 (Wang 2012 Thesis, wheat Foliar, n=4). AI extracted only the FCR Table 3 (n=6) publication",high
gt__wang_2012__r8,wang_2012,NO_MATCH,,"GT study_id=11 (Wang 2012 Thesis, wheat Foliar, n=4). AI extracted only the FCR Table 3 (n=6) publication",high
gt__wang_2012__r9,wang_2012,NO_MATCH,,"GT study_id=11 (Wang 2012 Thesis, wheat Foliar, n=4). AI extracted only the FCR Table 3 (n=6) publication",high
gt__wang_2012__r10,wang_2012,NO_MATCH,,"GT study_id=11 (Wang 2012 Thesis, wheat Foliar, n=4). AI extracted only the FCR Table 3 (n=6) publication",high
gt__wang_2012__r11,wang_2012,NO_MATCH,,"GT study_id=11 (Wang 2012 Thesis, wheat Foliar, n=4). AI extracted only the FCR Table 3 (n=6) publication",high
gt__wang_2012__r12,wang_2012,NO_MATCH,,"GT study_id=11 (Wang 2012 Thesis, wheat Foliar, n=4). AI extracted only the FCR Table 3 (n=6) publication",high
gt__wang_2012__r13,wang_2012,NO_MATCH,,"GT study_id=11 (Wang 2012 Thesis, wheat Foliar, n=4). AI extracted only the FCR Table 3 (n=6) publication",high
gt__wang_2012__r14,wang_2012,NO_MATCH,,"GT study_id=11 (Wang 2012 Thesis, wheat Foliar, n=4). AI extracted only the FCR Table 3 (n=6) publication",high
gt__wang_2012__r15,wang_2012,NO_MATCH,,"GT study_id=11 (Wang 2012 Thesis, wheat Foliar, n=4). AI extracted only the FCR Table 3 (n=6) publication",high
gt__wang_2012__r16,wang_2012,NO_MATCH,,"GT study_id=11 (Wang 2012 Thesis, wheat Foliar, n=4). AI extracted only the FCR Table 3 (n=6) publication",high
gt__wang_2012__r17,wang_2012,AMBIGUOUS,wang_2012__ai__19,"GT study_id=12 (Wang Mao 2012 FCR, wheat Foliar, n=6); AI has 2 wheat Foliar(F4) FCR rows (ai19=2008-2009, ai22=2009-2010). GT carries no year disambiguator; mapped to first year",med
gt__wang_2012__r18,wang_2012,AMBIGUOUS,wang_2012__ai__22,"GT study_id=12 (Wang Mao 2012 FCR, wheat Foliar, n=6); second of 2 wheat Foliar(F4) FCR rows (ai19/ai22). GT carries no year disambiguator; mapped to second year",med
gt__wang_2012__r19,wang_2012,AMBIGUOUS,wang_2012__ai__20,"GT study_id=5 (Wang Mao 2012 FCR, wheat Soil+Foliar, n=6); AI has 2 wheat F4+S50 FCR rows (ai20=2008-2009, ai23=2009-2010). GT carries no year disambiguator; mapped to first year",med
gt__wang_2012__r20,wang_2012,AMBIGUOUS,wang_2012__ai__23,"GT study_id=5 (Wang Mao 2012 FCR, wheat Soil+Foliar, n=6); second of 2 wheat F4+S50 FCR rows (ai20/ai23). GT carries no year disambiguator; mapped to second year",med
gt__yang_2011__r0,yang_2011,NO_MATCH,,"GT is wheat grain_zn Soil Zn application (study_id=5, treatment_level=Soil). AI for yang_2011 extracted only Foliar Zn timing rows (Experiment 2, Table 2: jointing/flowering/early-late grain filling). No Soil treatment row exists in AI output",high
gt__yang_2011__r1,yang_2011,NO_MATCH,,GT wheat grain_zn Soil Zn (study_id=5). AI extracted only Foliar Zn-timing rows; no Soil treatment row in AI output,high
gt__yang_2011__r2,yang_2011,NO_MATCH,,GT wheat grain_zn Soil Zn (study_id=5). AI extracted only Foliar Zn-timing rows; no Soil treatment row in AI output,high
gt__yang_2011__r3,yang_2011,NO_MATCH,,GT wheat grain_zn Soil Zn (study_id=5). AI extracted only Foliar Zn-timing rows; no Soil treatment row in AI output,high
gt__yang_2011__r4,yang_2011,NO_MATCH,,GT wheat grain_zn Soil Zn (study_id=5). AI extracted only Foliar Zn-timing rows; no Soil treatment row in AI output,high
gt__yilmaz_1997__r0,yilmaz_1997,MATCH,yilmaz_1997__ai__0,"Table 4 grain Zn, Soil application. GT 4 Soil rows (obs 838-841) map to the 4 cultivar columns in Table 4 order (Gerek-79, Dagdas-94, Bezostaja-1, Kunduru). r0=first column=Gerek-79 = ai__0 (cultivar Gerek-79, soil).",med
gt__yilmaz_1997__r1,yilmaz_1997,MATCH,yilmaz_1997__ai__1,"Soil application, 2nd cultivar column Dagdas-94 = ai__1 (cultivar Dagdas-94, soil).",med
gt__yilmaz_1997__r2,yilmaz_1997,NO_MATCH,,"Soil application, 3rd cultivar column Bezostaja-1. AI never extracted the Bezostaja-1 cultivar for any method (AI extracted only Gerek-79, Dagdas-94, Kunduru-1149).",med
gt__yilmaz_1997__r3,yilmaz_1997,MATCH,yilmaz_1997__ai__2,"Soil application, 4th cultivar column Kunduru = ai__2 (cultivar Kunduru-1149, soil).",med
gt__yilmaz_1997__r4,yilmaz_1997,MATCH,yilmaz_1997__ai__5,"Foliar (Leaf) application. GT 4 Foliar rows map to Table 4 cultivar columns. r4=Gerek-79 = ai__5 (cultivar Gerek-79, leaf).",med
gt__yilmaz_1997__r5,yilmaz_1997,MATCH,yilmaz_1997__ai__6,"Foliar application, 2nd column Dagdas-94 = ai__6 (cultivar Dagdas-94, leaf).",med
gt__yilmaz_1997__r6,yilmaz_1997,NO_MATCH,,"Foliar application, 3rd column Bezostaja-1. AI never extracted Bezostaja-1.",med
gt__yilmaz_1997__r7,yilmaz_1997,MATCH,yilmaz_1997__ai__7,"Foliar application, 4th column Kunduru = ai__7 (cultivar Kunduru-1149, leaf).",med
gt__yilmaz_1997__r8,yilmaz_1997,MATCH,yilmaz_1997__ai__8,"Soil+Foliar (Soil+Leaf) application. r8=Gerek-79 = ai__8 (cultivar Gerek-79, soil+leaf).",med
gt__yilmaz_1997__r9,yilmaz_1997,MATCH,yilmaz_1997__ai__9,"Soil+Foliar application, 2nd column Dagdas-94 = ai__9 (cultivar Dagdas-94, soil+leaf).",med
gt__yilmaz_1997__r10,yilmaz_1997,NO_MATCH,,"Soil+Foliar application, 3rd column Bezostaja-1. AI never extracted Bezostaja-1.",med
gt__yilmaz_1997__r11,yilmaz_1997,MATCH,yilmaz_1997__ai__10,"Soil+Foliar application, 4th column Kunduru = ai__10 (cultivar Kunduru-1149, soil+leaf).",med
gt__yilmaz_1998__r0,yilmaz_1998,MATCH,yilmaz_1998__ai__0,"Soil Zn application (+Zn 23 kg/ha vs -Zn control), cultivar Atay 85. Within-study disambiguator is seed Zn content (355/800/1465 ng/seed), Table 1/Table 2 row order. GT obs 829-831 map to the 3 seed-Zn levels in table order; r0=first level (355 ng) = ai__0 (seed_zn 355 ng).",med
gt__yilmaz_1998__r1,yilmaz_1998,MATCH,yilmaz_1998__ai__1,"Soil Zn, 2nd seed-Zn level (800 ng) = ai__1 (seed_zn 800 ng).",med
gt__yilmaz_1998__r2,yilmaz_1998,MATCH,yilmaz_1998__ai__2,"Soil Zn, 3rd seed-Zn level (1465 ng) = ai__2 (seed_zn 1465 ng).",med
gt__zhang_2012__r0,zhang_2012,NO_MATCH,,"GT study_id=17 keys to Zhang Y.Q. et al. 2012 (Field Crops Research, Zn-fertilizer biofortification, Soil Zn). The supplied PDF 3_Zhang_2012.pdf is Xue et al. 2012 'Grain and shoot zinc accumulation ... affected by nitrogen management' (Plant Soil), an N-rate study with no Zn-application arm. AI extracted only the N1-vs-N0 row and flagged it out-of-scope; no Zn-application row exists.",high
gt__zhang_2012__r1,zhang_2012,NO_MATCH,,GT study_id=2 (Foliar) keys to Zhang Y.Q. et al. 2012 Zn-fertilizer paper. Supplied PDF is Xue 2012 N-management paper; AI extracted no Foliar-Zn row.,high
gt__zhang_2012__r2,zhang_2012,NO_MATCH,,"GT study_id=2 (Foliar), Zhang Y.Q. 2012. No Foliar-Zn row in supplied Xue 2012 N-management PDF.",high
gt__zhang_2012__r3,zhang_2012,NO_MATCH,,"GT study_id=2 (Foliar), Zhang Y.Q. 2012. No Foliar-Zn row in supplied PDF.",high
gt__zhang_2012__r4,zhang_2012,NO_MATCH,,"GT study_id=2 (Foliar), Zhang Y.Q. 2012. No Foliar-Zn row in supplied PDF.",high
gt__zhang_2012__r5,zhang_2012,NO_MATCH,,"GT study_id=2 (Foliar), Zhang Y.Q. 2012. No Foliar-Zn row in supplied PDF.",high
gt__zhang_2012__r6,zhang_2012,NO_MATCH,,"GT study_id=2 (Foliar), Zhang Y.Q. 2012. No Foliar-Zn row in supplied PDF.",high
gt__zhang_2012__r7,zhang_2012,NO_MATCH,,"GT study_id=2 (Foliar), Zhang Y.Q. 2012. No Foliar-Zn row in supplied PDF.",high
gt__zhang_2012__r8,zhang_2012,NO_MATCH,,"GT study_id=36 keys to a different publication entirely (Zhang, X. 2012 thesis 'Effects of microelements application and spring regulation...', Foliar). Not the supplied PDF; AI extracted nothing matching.",high
gt__zhang_2017__r0,zhang_2017,NO_MATCH,,"GT study_id=35 keys to Zhang, P.P. 2017 'Regulating effects of N and Zn application on accumulation and distribution of mineral elements...' (Soil). Supplied PDF Zhang_2017.pdf is Panpan Zhang et al. 2017 'Effect of irrigation and nitrogen application on grain amino acid composition and protein quality' (PLoS ONE), an irrigation x N study on amino acids/protein with no Zn-application grain-Zn arm. AI produced zero rows.",high
gt__zhang_2017__r1,zhang_2017,NO_MATCH,,"GT study_id=35 keys to Zhang, P.P. 2017 'Regulating effects of N and Zn application on accumulation and distribution of mineral elements...' (Soil). Supplied PDF Zhang_2017.pdf is Panpan Zhang et al. 2017 'Effect of irrigation and nitrogen application on grain amino acid composition and protein quality' (PLoS ONE), an irrigation x N study on amino acids/protein with no Zn-application grain-Zn arm. AI produced zero rows.",high
gt__zhang_2017__r2,zhang_2017,NO_MATCH,,"GT study_id=35 keys to Zhang, P.P. 2017 'Regulating effects of N and Zn application on accumulation and distribution of mineral elements...' (Soil). Supplied PDF Zhang_2017.pdf is Panpan Zhang et al. 2017 'Effect of irrigation and nitrogen application on grain amino acid composition and protein quality' (PLoS ONE), an irrigation x N study on amino acids/protein with no Zn-application grain-Zn arm. AI produced zero rows.",high
gt__zhang_2017__r3,zhang_2017,NO_MATCH,,"GT study_id=35 keys to Zhang, P.P. 2017 'Regulating effects of N and Zn application on accumulation and distribution of mineral elements...' (Soil). Supplied PDF Zhang_2017.pdf is Panpan Zhang et al. 2017 'Effect of irrigation and nitrogen application on grain amino acid composition and protein quality' (PLoS ONE), an irrigation x N study on amino acids/protein with no Zn-application grain-Zn arm. AI produced zero rows.",high
gt__zhang_2017__r4,zhang_2017,NO_MATCH,,"GT study_id=35 keys to Zhang, P.P. 2017 'Regulating effects of N and Zn application on accumulation and distribution of mineral elements...' (Soil). Supplied PDF Zhang_2017.pdf is Panpan Zhang et al. 2017 'Effect of irrigation and nitrogen application on grain amino acid composition and protein quality' (PLoS ONE), an irrigation x N study on amino acids/protein with no Zn-application grain-Zn arm. AI produced zero rows.",high
gt__zhang_2017__r5,zhang_2017,NO_MATCH,,"GT study_id=35 keys to Zhang, P.P. 2017 'Regulating effects of N and Zn application on accumulation and distribution of mineral elements...' (Soil). Supplied PDF Zhang_2017.pdf is Panpan Zhang et al. 2017 'Effect of irrigation and nitrogen application on grain amino acid composition and protein quality' (PLoS ONE), an irrigation x N study on amino acids/protein with no Zn-application grain-Zn arm. AI produced zero rows.",high
gt__zhang_2017__r6,zhang_2017,NO_MATCH,,"GT study_id=35 keys to Zhang, P.P. 2017 'Regulating effects of N and Zn application on accumulation and distribution of mineral elements...' (Soil). Supplied PDF Zhang_2017.pdf is Panpan Zhang et al. 2017 'Effect of irrigation and nitrogen application on grain amino acid composition and protein quality' (PLoS ONE), an irrigation x N study on amino acids/protein with no Zn-application grain-Zn arm. AI produced zero rows.",high
gt__zhang_2017__r7,zhang_2017,NO_MATCH,,"GT study_id=35 keys to Zhang, P.P. 2017 'Regulating effects of N and Zn application on accumulation and distribution of mineral elements...' (Soil). Supplied PDF Zhang_2017.pdf is Panpan Zhang et al. 2017 'Effect of irrigation and nitrogen application on grain amino acid composition and protein quality' (PLoS ONE), an irrigation x N study on amino acids/protein with no Zn-application grain-Zn arm. AI produced zero rows.",high
gt__zhang_2017__r8,zhang_2017,NO_MATCH,,"GT study_id=26 keys to Zhang, M.Y. 2017 'Investigations of the effects of Zn biofortification in different wheat genotypes' (thesis, Foliar). Supplied PDF is the unrelated Panpan Zhang 2017 irrigation/N amino-acid paper. AI produced zero rows.",high
gt__zhang_2017__r9,zhang_2017,NO_MATCH,,"GT study_id=26 keys to Zhang, M.Y. 2017 'Investigations of the effects of Zn biofortification in different wheat genotypes' (thesis, Foliar). Supplied PDF is the unrelated Panpan Zhang 2017 irrigation/N amino-acid paper. AI produced zero rows.",high
gt__zhang_2017__r10,zhang_2017,NO_MATCH,,"GT study_id=26 keys to Zhang, M.Y. 2017 'Investigations of the effects of Zn biofortification in different wheat genotypes' (thesis, Foliar). Supplied PDF is the unrelated Panpan Zhang 2017 irrigation/N amino-acid paper. AI produced zero rows.",high
gt__zhang_2017__r11,zhang_2017,NO_MATCH,,"GT study_id=26 keys to Zhang, M.Y. 2017 'Investigations of the effects of Zn biofortification in different wheat genotypes' (thesis, Foliar). Supplied PDF is the unrelated Panpan Zhang 2017 irrigation/N amino-acid paper. AI produced zero rows.",high
gt__zhang_2017__r12,zhang_2017,NO_MATCH,,"GT study_id=26 keys to Zhang, M.Y. 2017 'Investigations of the effects of Zn biofortification in different wheat genotypes' (thesis, Foliar). Supplied PDF is the unrelated Panpan Zhang 2017 irrigation/N amino-acid paper. AI produced zero rows.",high
gt__zhang_2017__r13,zhang_2017,NO_MATCH,,"GT study_id=26 keys to Zhang, M.Y. 2017 'Investigations of the effects of Zn biofortification in different wheat genotypes' (thesis, Foliar). Supplied PDF is the unrelated Panpan Zhang 2017 irrigation/N amino-acid paper. AI produced zero rows.",high
gt__zhang_2017__r14,zhang_2017,NO_MATCH,,"GT study_id=26 keys to Zhang, M.Y. 2017 'Investigations of the effects of Zn biofortification in different wheat genotypes' (thesis, Foliar). Supplied PDF is the unrelated Panpan Zhang 2017 irrigation/N amino-acid paper. AI produced zero rows.",high
gt__zhang_2017__r15,zhang_2017,NO_MATCH,,"GT study_id=26 keys to Zhang, M.Y. 2017 'Investigations of the effects of Zn biofortification in different wheat genotypes' (thesis, Foliar). Supplied PDF is the unrelated Panpan Zhang 2017 irrigation/N amino-acid paper. AI produced zero rows.",high
gt__zhang_2017__r16,zhang_2017,NO_MATCH,,"GT study_id=26 keys to Zhang, M.Y. 2017 'Investigations of the effects of Zn biofortification in different wheat genotypes' (thesis, Foliar). Supplied PDF is the unrelated Panpan Zhang 2017 irrigation/N amino-acid paper. AI produced zero rows.",high
gt__zhang_2017__r17,zhang_2017,NO_MATCH,,"GT study_id=26 keys to Zhang, M.Y. 2017 'Investigations of the effects of Zn biofortification in different wheat genotypes' (thesis, Foliar). Supplied PDF is the unrelated Panpan Zhang 2017 irrigation/N amino-acid paper. AI produced zero rows.",high
gt__zhang_2017__r18,zhang_2017,NO_MATCH,,"GT study_id=26 keys to Zhang, M.Y. 2017 'Investigations of the effects of Zn biofortification in different wheat genotypes' (thesis, Foliar). Supplied PDF is the unrelated Panpan Zhang 2017 irrigation/N amino-acid paper. AI produced zero rows.",high
gt__zhang_2017__r19,zhang_2017,NO_MATCH,,"GT study_id=26 keys to Zhang, M.Y. 2017 'Investigations of the effects of Zn biofortification in different wheat genotypes' (thesis, Foliar). Supplied PDF is the unrelated Panpan Zhang 2017 irrigation/N amino-acid paper. AI produced zero rows.",high
gt__zhang_2017__r20,zhang_2017,NO_MATCH,,"GT study_id=26 keys to Zhang, M.Y. 2017 'Investigations of the effects of Zn biofortification in different wheat genotypes' (thesis, Foliar). Supplied PDF is the unrelated Panpan Zhang 2017 irrigation/N amino-acid paper. AI produced zero rows.",high
gt__zhang_2017__r21,zhang_2017,NO_MATCH,,"GT study_id=26 keys to Zhang, M.Y. 2017 'Investigations of the effects of Zn biofortification in different wheat genotypes' (thesis, Foliar). Supplied PDF is the unrelated Panpan Zhang 2017 irrigation/N amino-acid paper. AI produced zero rows.",high
gt__zhang_2017__r22,zhang_2017,NO_MATCH,,"GT study_id=26 keys to Zhang, M.Y. 2017 'Investigations of the effects of Zn biofortification in different wheat genotypes' (thesis, Foliar). Supplied PDF is the unrelated Panpan Zhang 2017 irrigation/N amino-acid paper. AI produced zero rows.",high
gt__zhang_2017__r23,zhang_2017,NO_MATCH,,"GT study_id=26 keys to Zhang, M.Y. 2017 'Investigations of the effects of Zn biofortification in different wheat genotypes' (thesis, Foliar). Supplied PDF is the unrelated Panpan Zhang 2017 irrigation/N amino-acid paper. AI produced zero rows.",high
gt__zhang_2017__r24,zhang_2017,NO_MATCH,,"GT study_id=26 keys to Zhang, M.Y. 2017 'Investigations of the effects of Zn biofortification in different wheat genotypes' (thesis, Foliar). Supplied PDF is the unrelated Panpan Zhang 2017 irrigation/N amino-acid paper. AI produced zero rows.",high
gt__zhang_2017__r25,zhang_2017,NO_MATCH,,"GT study_id=26 keys to Zhang, M.Y. 2017 'Investigations of the effects of Zn biofortification in different wheat genotypes' (thesis, Foliar). Supplied PDF is the unrelated Panpan Zhang 2017 irrigation/N amino-acid paper. AI produced zero rows.",high
gt__zhang_2017__r26,zhang_2017,NO_MATCH,,"GT study_id=26 keys to Zhang, M.Y. 2017 'Investigations of the effects of Zn biofortification in different wheat genotypes' (thesis, Foliar). Supplied PDF is the unrelated Panpan Zhang 2017 irrigation/N amino-acid paper. AI produced zero rows.",high
gt__zhang_2017__r27,zhang_2017,NO_MATCH,,"GT study_id=26 keys to Zhang, M.Y. 2017 'Investigations of the effects of Zn biofortification in different wheat genotypes' (thesis, Foliar). Supplied PDF is the unrelated Panpan Zhang 2017 irrigation/N amino-acid paper. AI produced zero rows.",high
gt__zhang_2017__r28,zhang_2017,NO_MATCH,,"GT study_id=26 keys to Zhang, M.Y. 2017 'Investigations of the effects of Zn biofortification in different wheat genotypes' (thesis, Foliar). Supplied PDF is the unrelated Panpan Zhang 2017 irrigation/N amino-acid paper. AI produced zero rows.",high
gt__zhang_2017__r29,zhang_2017,NO_MATCH,,"GT study_id=26 keys to Zhang, M.Y. 2017 'Investigations of the effects of Zn biofortification in different wheat genotypes' (thesis, Foliar). Supplied PDF is the unrelated Panpan Zhang 2017 irrigation/N amino-acid paper. AI produced zero rows.",high
gt__zhang_2017__r30,zhang_2017,NO_MATCH,,"GT study_id=26 keys to Zhang, M.Y. 2017 'Investigations of the effects of Zn biofortification in different wheat genotypes' (thesis, Foliar). Supplied PDF is the unrelated Panpan Zhang 2017 irrigation/N amino-acid paper. AI produced zero rows.",high
gt__zhang_2017__r31,zhang_2017,NO_MATCH,,"GT study_id=26 keys to Zhang, M.Y. 2017 'Investigations of the effects of Zn biofortification in different wheat genotypes' (thesis, Foliar). Supplied PDF is the unrelated Panpan Zhang 2017 irrigation/N amino-acid paper. AI produced zero rows.",high
gt__zhang_2017__r32,zhang_2017,NO_MATCH,,"GT study_id=26 keys to Zhang, M.Y. 2017 'Investigations of the effects of Zn biofortification in different wheat genotypes' (thesis, Foliar). Supplied PDF is the unrelated Panpan Zhang 2017 irrigation/N amino-acid paper. AI produced zero rows.",high
gt__zhang_2017__r33,zhang_2017,NO_MATCH,,"GT study_id=26 keys to Zhang, M.Y. 2017 'Investigations of the effects of Zn biofortification in different wheat genotypes' (thesis, Foliar). Supplied PDF is the unrelated Panpan Zhang 2017 irrigation/N amino-acid paper. AI produced zero rows.",high
gt__zhang_2017__r34,zhang_2017,NO_MATCH,,"GT study_id=26 keys to Zhang, M.Y. 2017 'Investigations of the effects of Zn biofortification in different wheat genotypes' (thesis, Foliar). Supplied PDF is the unrelated Panpan Zhang 2017 irrigation/N amino-acid paper. AI produced zero rows.",high
gt__zhang_2017__r35,zhang_2017,NO_MATCH,,"GT study_id=26 keys to Zhang, M.Y. 2017 'Investigations of the effects of Zn biofortification in different wheat genotypes' (thesis, Foliar). Supplied PDF is the unrelated Panpan Zhang 2017 irrigation/N amino-acid paper. AI produced zero rows.",high
gt__zhang_2017__r36,zhang_2017,NO_MATCH,,"GT study_id=26 keys to Zhang, M.Y. 2017 'Investigations of the effects of Zn biofortification in different wheat genotypes' (thesis, Foliar). Supplied PDF is the unrelated Panpan Zhang 2017 irrigation/N amino-acid paper. AI produced zero rows.",high
gt__zhang_2017__r37,zhang_2017,NO_MATCH,,"GT study_id=26 keys to Zhang, M.Y. 2017 'Investigations of the effects of Zn biofortification in different wheat genotypes' (thesis, Foliar). Supplied PDF is the unrelated Panpan Zhang 2017 irrigation/N amino-acid paper. AI produced zero rows.",high
gt__zhang_2017__r38,zhang_2017,NO_MATCH,,"GT study_id=26 keys to Zhang, M.Y. 2017 'Investigations of the effects of Zn biofortification in different wheat genotypes' (thesis, Foliar). Supplied PDF is the unrelated Panpan Zhang 2017 irrigation/N amino-acid paper. AI produced zero rows.",high
gt__zhang_2017__r39,zhang_2017,NO_MATCH,,"GT study_id=26 keys to Zhang, M.Y. 2017 'Investigations of the effects of Zn biofortification in different wheat genotypes' (thesis, Foliar). Supplied PDF is the unrelated Panpan Zhang 2017 irrigation/N amino-acid paper. AI produced zero rows.",high
gt__zhang_2017__r40,zhang_2017,NO_MATCH,,"GT study_id=26 keys to Zhang, M.Y. 2017 'Investigations of the effects of Zn biofortification in different wheat genotypes' (thesis, Foliar). Supplied PDF is the unrelated Panpan Zhang 2017 irrigation/N amino-acid paper. AI produced zero rows.",high
gt__zhang_2017__r41,zhang_2017,NO_MATCH,,"GT study_id=26 keys to Zhang, M.Y. 2017 'Investigations of the effects of Zn biofortification in different wheat genotypes' (thesis, Foliar). Supplied PDF is the unrelated Panpan Zhang 2017 irrigation/N amino-acid paper. AI produced zero rows.",high
gt__zhang_2017__r42,zhang_2017,NO_MATCH,,"GT study_id=26 keys to Zhang, M.Y. 2017 'Investigations of the effects of Zn biofortification in different wheat genotypes' (thesis, Foliar). Supplied PDF is the unrelated Panpan Zhang 2017 irrigation/N amino-acid paper. AI produced zero rows.",high
gt__zhang_2017__r43,zhang_2017,NO_MATCH,,"GT study_id=26 keys to Zhang, M.Y. 2017 'Investigations of the effects of Zn biofortification in different wheat genotypes' (thesis, Foliar). Supplied PDF is the unrelated Panpan Zhang 2017 irrigation/N amino-acid paper. AI produced zero rows.",high
gt__zhang_2017__r44,zhang_2017,NO_MATCH,,"GT study_id=26 keys to Zhang, M.Y. 2017 'Investigations of the effects of Zn biofortification in different wheat genotypes' (thesis, Foliar). Supplied PDF is the unrelated Panpan Zhang 2017 irrigation/N amino-acid paper. AI produced zero rows.",high
gt__zhang_2017__r45,zhang_2017,NO_MATCH,,"GT study_id=26 keys to Zhang, M.Y. 2017 'Investigations of the effects of Zn biofortification in different wheat genotypes' (thesis, Foliar). Supplied PDF is the unrelated Panpan Zhang 2017 irrigation/N amino-acid paper. AI produced zero rows.",high
gt__zhang_2017__r46,zhang_2017,NO_MATCH,,"GT study_id=26 keys to Zhang, M.Y. 2017 'Investigations of the effects of Zn biofortification in different wheat genotypes' (thesis, Foliar). Supplied PDF is the unrelated Panpan Zhang 2017 irrigation/N amino-acid paper. AI produced zero rows.",high
gt__zhang_2017__r47,zhang_2017,NO_MATCH,,"GT study_id=26 keys to Zhang, M.Y. 2017 'Investigations of the effects of Zn biofortification in different wheat genotypes' (thesis, Foliar). Supplied PDF is the unrelated Panpan Zhang 2017 irrigation/N amino-acid paper. AI produced zero rows.",high
gt__zhang_2017__r48,zhang_2017,NO_MATCH,,"GT study_id=26 keys to Zhang, M.Y. 2017 'Investigations of the effects of Zn biofortification in different wheat genotypes' (thesis, Foliar). Supplied PDF is the unrelated Panpan Zhang 2017 irrigation/N amino-acid paper. AI produced zero rows.",high
gt__zhang_2017__r49,zhang_2017,NO_MATCH,,"GT study_id=26 keys to Zhang, M.Y. 2017 'Investigations of the effects of Zn biofortification in different wheat genotypes' (thesis, Foliar). Supplied PDF is the unrelated Panpan Zhang 2017 irrigation/N amino-acid paper. AI produced zero rows.",high
gt__zou_2012__r0,zou_2012,AMBIGUOUS,,"Zou 2012 Table 5, Soil Zn, country China. China has 4 site-years for this treatment [Quzhou 2009 (ai__0); Quzhou 2010 (ai__3); Yongshou 2009 (ai__6); Yongshou 2010 (ai__9)]. Hui GT carries only a country tag and its within-country obs_id ordering does not follow Table 5 row order, so the specific location/year cell is indeterminate.",low
gt__zou_2012__r1,zou_2012,AMBIGUOUS,,"Zou 2012 Table 5, Soil Zn, country China. China has 4 site-years for this treatment [Quzhou 2009 (ai__0); Quzhou 2010 (ai__3); Yongshou 2009 (ai__6); Yongshou 2010 (ai__9)]. Hui GT carries only a country tag and its within-country obs_id ordering does not follow Table 5 row order, so the specific location/year cell is indeterminate.",low
gt__zou_2012__r2,zou_2012,AMBIGUOUS,,"Zou 2012 Table 5, Soil Zn, country China. China has 4 site-years for this treatment [Quzhou 2009 (ai__0); Quzhou 2010 (ai__3); Yongshou 2009 (ai__6); Yongshou 2010 (ai__9)]. Hui GT carries only a country tag and its within-country obs_id ordering does not follow Table 5 row order, so the specific location/year cell is indeterminate.",low
gt__zou_2012__r3,zou_2012,AMBIGUOUS,,"Zou 2012 Table 5, Soil Zn, country China. China has 4 site-years for this treatment [Quzhou 2009 (ai__0); Quzhou 2010 (ai__3); Yongshou 2009 (ai__6); Yongshou 2010 (ai__9)]. Hui GT carries only a country tag and its within-country obs_id ordering does not follow Table 5 row order, so the specific location/year cell is indeterminate.",low
gt__zou_2012__r4,zou_2012,AMBIGUOUS,,"Zou 2012 Table 5, Soil Zn, country India. India has 5 site-years for this treatment [Varanasi 2008 (ai__12); Kapurthala 2010 (ai__15); Kapurthala 2011 (ai__18); Ludhiana 2010 (ai__21); Ludhiana 2011 (ai__24)]. Hui GT carries only a country tag and its within-country obs_id ordering does not follow Table 5 row order, so the specific location/year cell is indeterminate.",low
gt__zou_2012__r5,zou_2012,AMBIGUOUS,,"Zou 2012 Table 5, Soil Zn, country Kazakhstan. Kazakhstan has 2 site-years for this treatment [Shortandy 2009 (ai__27); Shortandy 2010 (ai__30)]. Hui GT carries only a country tag and its within-country obs_id ordering does not follow Table 5 row order, so the specific location/year cell is indeterminate.",low
gt__zou_2012__r6,zou_2012,AMBIGUOUS,,"Zou 2012 Table 5, Soil Zn, country Kazakhstan. Kazakhstan has 2 site-years for this treatment [Shortandy 2009 (ai__27); Shortandy 2010 (ai__30)]. Hui GT carries only a country tag and its within-country obs_id ordering does not follow Table 5 row order, so the specific location/year cell is indeterminate.",low
gt__zou_2012__r7,zou_2012,MATCH,zou_2012__ai__33,"Zou 2012 Table 5, Soil Zn vs Nil control. Country Mexico has a single site-year (Yaqui Valley 2008) for this treatment, so the GT row resolves uniquely to ai__33.",high
gt__zou_2012__r8,zou_2012,AMBIGUOUS,,"Zou 2012 Table 5, Soil Zn, country Pakistan. Pakistan has 6 site-years for this treatment [Ayub 2009 (ai__36); Faisalabad 2008 (ai__39); Muridke-I 2009 (ai__42); Muridke-I 2010 (ai__45); Muridke-II 2009 (ai__48); Muridke-II 2010 (ai__51)]. Hui GT carries only a country tag and its within-country obs_id ordering does not follow Table 5 row order, so the specific location/year cell is indeterminate.",low
gt__zou_2012__r9,zou_2012,AMBIGUOUS,,"Zou 2012 Table 5, Soil Zn, country Pakistan. Pakistan has 6 site-years for this treatment [Ayub 2009 (ai__36); Faisalabad 2008 (ai__39); Muridke-I 2009 (ai__42); Muridke-I 2010 (ai__45); Muridke-II 2009 (ai__48); Muridke-II 2010 (ai__51)]. Hui GT carries only a country tag and its within-country obs_id ordering does not follow Table 5 row order, so the specific location/year cell is indeterminate.",low
gt__zou_2012__r10,zou_2012,AMBIGUOUS,,"Zou 2012 Table 5, Soil Zn, country Pakistan. Pakistan has 6 site-years for this treatment [Ayub 2009 (ai__36); Faisalabad 2008 (ai__39); Muridke-I 2009 (ai__42); Muridke-I 2010 (ai__45); Muridke-II 2009 (ai__48); Muridke-II 2010 (ai__51)]. Hui GT carries only a country tag and its within-country obs_id ordering does not follow Table 5 row order, so the specific location/year cell is indeterminate.",low
gt__zou_2012__r11,zou_2012,AMBIGUOUS,,"Zou 2012 Table 5, Soil Zn, country Pakistan. Pakistan has 6 site-years for this treatment [Ayub 2009 (ai__36); Faisalabad 2008 (ai__39); Muridke-I 2009 (ai__42); Muridke-I 2010 (ai__45); Muridke-II 2009 (ai__48); Muridke-II 2010 (ai__51)]. Hui GT carries only a country tag and its within-country obs_id ordering does not follow Table 5 row order, so the specific location/year cell is indeterminate.",low
gt__zou_2012__r12,zou_2012,AMBIGUOUS,,"Zou 2012 Table 5, Soil Zn, country Pakistan. Pakistan has 6 site-years for this treatment [Ayub 2009 (ai__36); Faisalabad 2008 (ai__39); Muridke-I 2009 (ai__42); Muridke-I 2010 (ai__45); Muridke-II 2009 (ai__48); Muridke-II 2010 (ai__51)]. Hui GT carries only a country tag and its within-country obs_id ordering does not follow Table 5 row order, so the specific location/year cell is indeterminate.",low
gt__zou_2012__r13,zou_2012,AMBIGUOUS,,"Zou 2012 Table 5, Soil Zn, country Turkey. Turkey has 4 site-years for this treatment [Eskisehir 2009 (ai__54); Eskisehir 2010 (ai__57); Konya 2009 (ai__60); Konya 2010 (ai__63)]. Hui GT carries only a country tag and its within-country obs_id ordering does not follow Table 5 row order, so the specific location/year cell is indeterminate.",low
gt__zou_2012__r14,zou_2012,AMBIGUOUS,,"Zou 2012 Table 5, Soil Zn, country Turkey. Turkey has 4 site-years for this treatment [Eskisehir 2009 (ai__54); Eskisehir 2010 (ai__57); Konya 2009 (ai__60); Konya 2010 (ai__63)]. Hui GT carries only a country tag and its within-country obs_id ordering does not follow Table 5 row order, so the specific location/year cell is indeterminate.",low
gt__zou_2012__r15,zou_2012,AMBIGUOUS,,"Zou 2012 Table 5, Soil Zn, country Turkey. Turkey has 4 site-years for this treatment [Eskisehir 2009 (ai__54); Eskisehir 2010 (ai__57); Konya 2009 (ai__60); Konya 2010 (ai__63)]. Hui GT carries only a country tag and its within-country obs_id ordering does not follow Table 5 row order, so the specific location/year cell is indeterminate.",low
gt__zou_2012__r16,zou_2012,AMBIGUOUS,,"Zou 2012 Table 5, Soil Zn, country Turkey. Turkey has 4 site-years for this treatment [Eskisehir 2009 (ai__54); Eskisehir 2010 (ai__57); Konya 2009 (ai__60); Konya 2010 (ai__63)]. Hui GT carries only a country tag and its within-country obs_id ordering does not follow Table 5 row order, so the specific location/year cell is indeterminate.",low
gt__zou_2012__r17,zou_2012,MATCH,zou_2012__ai__66,"Zou 2012 Table 5, Soil Zn vs Nil control. Country Zambia has a single site-year (Chisamba 2010) for this treatment, so the GT row resolves uniquely to ai__66.",high
gt__zou_2012__r18,zou_2012,AMBIGUOUS,,"Zou 2012 Table 5, Soil Zn, country India. India has 5 site-years for this treatment [Varanasi 2008 (ai__12); Kapurthala 2010 (ai__15); Kapurthala 2011 (ai__18); Ludhiana 2010 (ai__21); Ludhiana 2011 (ai__24)]. Hui GT carries only a country tag and its within-country obs_id ordering does not follow Table 5 row order, so the specific location/year cell is indeterminate.",low
gt__zou_2012__r19,zou_2012,AMBIGUOUS,,"Zou 2012 Table 5, Soil Zn, country India. India has 5 site-years for this treatment [Varanasi 2008 (ai__12); Kapurthala 2010 (ai__15); Kapurthala 2011 (ai__18); Ludhiana 2010 (ai__21); Ludhiana 2011 (ai__24)]. Hui GT carries only a country tag and its within-country obs_id ordering does not follow Table 5 row order, so the specific location/year cell is indeterminate.",low
gt__zou_2012__r20,zou_2012,AMBIGUOUS,,"Zou 2012 Table 5, Soil Zn, country India. India has 5 site-years for this treatment [Varanasi 2008 (ai__12); Kapurthala 2010 (ai__15); Kapurthala 2011 (ai__18); Ludhiana 2010 (ai__21); Ludhiana 2011 (ai__24)]. Hui GT carries only a country tag and its within-country obs_id ordering does not follow Table 5 row order, so the specific location/year cell is indeterminate.",low
gt__zou_2012__r21,zou_2012,AMBIGUOUS,,"Zou 2012 Table 5, Soil Zn, country India. India has 5 site-years for this treatment [Varanasi 2008 (ai__12); Kapurthala 2010 (ai__15); Kapurthala 2011 (ai__18); Ludhiana 2010 (ai__21); Ludhiana 2011 (ai__24)]. Hui GT carries only a country tag and its within-country obs_id ordering does not follow Table 5 row order, so the specific location/year cell is indeterminate.",low
gt__zou_2012__r22,zou_2012,AMBIGUOUS,,"Zou 2012 Table 5, Soil Zn, country Pakistan. Pakistan has 6 site-years for this treatment [Ayub 2009 (ai__36); Faisalabad 2008 (ai__39); Muridke-I 2009 (ai__42); Muridke-I 2010 (ai__45); Muridke-II 2009 (ai__48); Muridke-II 2010 (ai__51)]. Hui GT carries only a country tag and its within-country obs_id ordering does not follow Table 5 row order, so the specific location/year cell is indeterminate.",low
gt__zou_2012__r23,zou_2012,AMBIGUOUS,,"Zou 2012 Table 5, Foliar Zn, country India. India has 5 site-years for this treatment [Varanasi 2008 (ai__13); Kapurthala 2010 (ai__16); Kapurthala 2011 (ai__19); Ludhiana 2010 (ai__22); Ludhiana 2011 (ai__25)]. Hui GT carries only a country tag and its within-country obs_id ordering does not follow Table 5 row order, so the specific location/year cell is indeterminate.",low
gt__zou_2012__r24,zou_2012,AMBIGUOUS,,"Zou 2012 Table 5, Foliar Zn, country India. India has 5 site-years for this treatment [Varanasi 2008 (ai__13); Kapurthala 2010 (ai__16); Kapurthala 2011 (ai__19); Ludhiana 2010 (ai__22); Ludhiana 2011 (ai__25)]. Hui GT carries only a country tag and its within-country obs_id ordering does not follow Table 5 row order, so the specific location/year cell is indeterminate.",low
gt__zou_2012__r25,zou_2012,AMBIGUOUS,,"Zou 2012 Table 5, Foliar Zn, country India. India has 5 site-years for this treatment [Varanasi 2008 (ai__13); Kapurthala 2010 (ai__16); Kapurthala 2011 (ai__19); Ludhiana 2010 (ai__22); Ludhiana 2011 (ai__25)]. Hui GT carries only a country tag and its within-country obs_id ordering does not follow Table 5 row order, so the specific location/year cell is indeterminate.",low
gt__zou_2012__r26,zou_2012,AMBIGUOUS,,"Zou 2012 Table 5, Foliar Zn, country India. India has 5 site-years for this treatment [Varanasi 2008 (ai__13); Kapurthala 2010 (ai__16); Kapurthala 2011 (ai__19); Ludhiana 2010 (ai__22); Ludhiana 2011 (ai__25)]. Hui GT carries only a country tag and its within-country obs_id ordering does not follow Table 5 row order, so the specific location/year cell is indeterminate.",low
gt__zou_2012__r27,zou_2012,AMBIGUOUS,,"Zou 2012 Table 5, Foliar Zn, country Pakistan. Pakistan has 6 site-years for this treatment [Ayub 2009 (ai__37); Faisalabad 2008 (ai__40); Muridke-I 2009 (ai__43); Muridke-I 2010 (ai__46); Muridke-II 2009 (ai__49); Muridke-II 2010 (ai__52)]. Hui GT carries only a country tag and its within-country obs_id ordering does not follow Table 5 row order, so the specific location/year cell is indeterminate.",low
gt__zou_2012__r28,zou_2012,AMBIGUOUS,,"Zou 2012 Table 5, Foliar Zn, country China. China has 4 site-years for this treatment [Quzhou 2009 (ai__1); Quzhou 2010 (ai__4); Yongshou 2009 (ai__7); Yongshou 2010 (ai__10)]. Hui GT carries only a country tag and its within-country obs_id ordering does not follow Table 5 row order, so the specific location/year cell is indeterminate.",low
gt__zou_2012__r29,zou_2012,AMBIGUOUS,,"Zou 2012 Table 5, Foliar Zn, country China. China has 4 site-years for this treatment [Quzhou 2009 (ai__1); Quzhou 2010 (ai__4); Yongshou 2009 (ai__7); Yongshou 2010 (ai__10)]. Hui GT carries only a country tag and its within-country obs_id ordering does not follow Table 5 row order, so the specific location/year cell is indeterminate.",low
gt__zou_2012__r30,zou_2012,AMBIGUOUS,,"Zou 2012 Table 5, Foliar Zn, country China. China has 4 site-years for this treatment [Quzhou 2009 (ai__1); Quzhou 2010 (ai__4); Yongshou 2009 (ai__7); Yongshou 2010 (ai__10)]. Hui GT carries only a country tag and its within-country obs_id ordering does not follow Table 5 row order, so the specific location/year cell is indeterminate.",low
gt__zou_2012__r31,zou_2012,AMBIGUOUS,,"Zou 2012 Table 5, Foliar Zn, country China. China has 4 site-years for this treatment [Quzhou 2009 (ai__1); Quzhou 2010 (ai__4); Yongshou 2009 (ai__7); Yongshou 2010 (ai__10)]. Hui GT carries only a country tag and its within-country obs_id ordering does not follow Table 5 row order, so the specific location/year cell is indeterminate.",low
gt__zou_2012__r32,zou_2012,AMBIGUOUS,,"Zou 2012 Table 5, Foliar Zn, country India. India has 5 site-years for this treatment [Varanasi 2008 (ai__13); Kapurthala 2010 (ai__16); Kapurthala 2011 (ai__19); Ludhiana 2010 (ai__22); Ludhiana 2011 (ai__25)]. Hui GT carries only a country tag and its within-country obs_id ordering does not follow Table 5 row order, so the specific location/year cell is indeterminate.",low
gt__zou_2012__r33,zou_2012,AMBIGUOUS,,"Zou 2012 Table 5, Foliar Zn, country Kazakhstan. Kazakhstan has 2 site-years for this treatment [Shortandy 2009 (ai__28); Shortandy 2010 (ai__31)]. Hui GT carries only a country tag and its within-country obs_id ordering does not follow Table 5 row order, so the specific location/year cell is indeterminate.",low
gt__zou_2012__r34,zou_2012,AMBIGUOUS,,"Zou 2012 Table 5, Foliar Zn, country Kazakhstan. Kazakhstan has 2 site-years for this treatment [Shortandy 2009 (ai__28); Shortandy 2010 (ai__31)]. Hui GT carries only a country tag and its within-country obs_id ordering does not follow Table 5 row order, so the specific location/year cell is indeterminate.",low
gt__zou_2012__r35,zou_2012,MATCH,zou_2012__ai__34,"Zou 2012 Table 5, Foliar Zn vs Nil control. Country Mexico has a single site-year (Yaqui Valley 2008) for this treatment, so the GT row resolves uniquely to ai__34.",high
gt__zou_2012__r36,zou_2012,AMBIGUOUS,,"Zou 2012 Table 5, Foliar Zn, country Pakistan. Pakistan has 6 site-years for this treatment [Ayub 2009 (ai__37); Faisalabad 2008 (ai__40); Muridke-I 2009 (ai__43); Muridke-I 2010 (ai__46); Muridke-II 2009 (ai__49); Muridke-II 2010 (ai__52)]. Hui GT carries only a country tag and its within-country obs_id ordering does not follow Table 5 row order, so the specific location/year cell is indeterminate.",low
gt__zou_2012__r37,zou_2012,AMBIGUOUS,,"Zou 2012 Table 5, Foliar Zn, country Pakistan. Pakistan has 6 site-years for this treatment [Ayub 2009 (ai__37); Faisalabad 2008 (ai__40); Muridke-I 2009 (ai__43); Muridke-I 2010 (ai__46); Muridke-II 2009 (ai__49); Muridke-II 2010 (ai__52)]. Hui GT carries only a country tag and its within-country obs_id ordering does not follow Table 5 row order, so the specific location/year cell is indeterminate.",low
gt__zou_2012__r38,zou_2012,AMBIGUOUS,,"Zou 2012 Table 5, Foliar Zn, country Pakistan. Pakistan has 6 site-years for this treatment [Ayub 2009 (ai__37); Faisalabad 2008 (ai__40); Muridke-I 2009 (ai__43); Muridke-I 2010 (ai__46); Muridke-II 2009 (ai__49); Muridke-II 2010 (ai__52)]. Hui GT carries only a country tag and its within-country obs_id ordering does not follow Table 5 row order, so the specific location/year cell is indeterminate.",low
gt__zou_2012__r39,zou_2012,AMBIGUOUS,,"Zou 2012 Table 5, Foliar Zn, country Pakistan. Pakistan has 6 site-years for this treatment [Ayub 2009 (ai__37); Faisalabad 2008 (ai__40); Muridke-I 2009 (ai__43); Muridke-I 2010 (ai__46); Muridke-II 2009 (ai__49); Muridke-II 2010 (ai__52)]. Hui GT carries only a country tag and its within-country obs_id ordering does not follow Table 5 row order, so the specific location/year cell is indeterminate.",low
gt__zou_2012__r40,zou_2012,AMBIGUOUS,,"Zou 2012 Table 5, Foliar Zn, country Pakistan. Pakistan has 6 site-years for this treatment [Ayub 2009 (ai__37); Faisalabad 2008 (ai__40); Muridke-I 2009 (ai__43); Muridke-I 2010 (ai__46); Muridke-II 2009 (ai__49); Muridke-II 2010 (ai__52)]. Hui GT carries only a country tag and its within-country obs_id ordering does not follow Table 5 row order, so the specific location/year cell is indeterminate.",low
gt__zou_2012__r41,zou_2012,AMBIGUOUS,,"Zou 2012 Table 5, Foliar Zn, country Turkey. Turkey has 4 site-years for this treatment [Eskisehir 2009 (ai__55); Eskisehir 2010 (ai__58); Konya 2009 (ai__61); Konya 2010 (ai__64)]. Hui GT carries only a country tag and its within-country obs_id ordering does not follow Table 5 row order, so the specific location/year cell is indeterminate.",low
gt__zou_2012__r42,zou_2012,AMBIGUOUS,,"Zou 2012 Table 5, Foliar Zn, country Turkey. Turkey has 4 site-years for this treatment [Eskisehir 2009 (ai__55); Eskisehir 2010 (ai__58); Konya 2009 (ai__61); Konya 2010 (ai__64)]. Hui GT carries only a country tag and its within-country obs_id ordering does not follow Table 5 row order, so the specific location/year cell is indeterminate.",low
gt__zou_2012__r43,zou_2012,AMBIGUOUS,,"Zou 2012 Table 5, Foliar Zn, country Turkey. Turkey has 4 site-years for this treatment [Eskisehir 2009 (ai__55); Eskisehir 2010 (ai__58); Konya 2009 (ai__61); Konya 2010 (ai__64)]. Hui GT carries only a country tag and its within-country obs_id ordering does not follow Table 5 row order, so the specific location/year cell is indeterminate.",low
gt__zou_2012__r44,zou_2012,AMBIGUOUS,,"Zou 2012 Table 5, Foliar Zn, country Turkey. Turkey has 4 site-years for this treatment [Eskisehir 2009 (ai__55); Eskisehir 2010 (ai__58); Konya 2009 (ai__61); Konya 2010 (ai__64)]. Hui GT carries only a country tag and its within-country obs_id ordering does not follow Table 5 row order, so the specific location/year cell is indeterminate.",low
gt__zou_2012__r45,zou_2012,AMBIGUOUS,,"Zou 2012 Table 5, Soil+Foliar Zn, country China. China has 4 site-years for this treatment [Quzhou 2009 (ai__2); Quzhou 2010 (ai__5); Yongshou 2009 (ai__8); Yongshou 2010 (ai__11)]. Hui GT carries only a country tag and its within-country obs_id ordering does not follow Table 5 row order, so the specific location/year cell is indeterminate.",low
gt__zou_2012__r46,zou_2012,AMBIGUOUS,,"Zou 2012 Table 5, Soil+Foliar Zn, country China. China has 4 site-years for this treatment [Quzhou 2009 (ai__2); Quzhou 2010 (ai__5); Yongshou 2009 (ai__8); Yongshou 2010 (ai__11)]. Hui GT carries only a country tag and its within-country obs_id ordering does not follow Table 5 row order, so the specific location/year cell is indeterminate.",low
gt__zou_2012__r47,zou_2012,AMBIGUOUS,,"Zou 2012 Table 5, Soil+Foliar Zn, country China. China has 4 site-years for this treatment [Quzhou 2009 (ai__2); Quzhou 2010 (ai__5); Yongshou 2009 (ai__8); Yongshou 2010 (ai__11)]. Hui GT carries only a country tag and its within-country obs_id ordering does not follow Table 5 row order, so the specific location/year cell is indeterminate.",low
gt__zou_2012__r48,zou_2012,AMBIGUOUS,,"Zou 2012 Table 5, Soil+Foliar Zn, country China. China has 4 site-years for this treatment [Quzhou 2009 (ai__2); Quzhou 2010 (ai__5); Yongshou 2009 (ai__8); Yongshou 2010 (ai__11)]. Hui GT carries only a country tag and its within-country obs_id ordering does not follow Table 5 row order, so the specific location/year cell is indeterminate.",low
gt__zou_2012__r49,zou_2012,AMBIGUOUS,,"Zou 2012 Table 5, Soil+Foliar Zn, country India. India has 5 site-years for this treatment [Varanasi 2008 (ai__14); Kapurthala 2010 (ai__17); Kapurthala 2011 (ai__20); Ludhiana 2010 (ai__23); Ludhiana 2011 (ai__26)]. Hui GT carries only a country tag and its within-country obs_id ordering does not follow Table 5 row order, so the specific location/year cell is indeterminate.",low
gt__zou_2012__r50,zou_2012,AMBIGUOUS,,"Zou 2012 Table 5, Soil+Foliar Zn, country India. India has 5 site-years for this treatment [Varanasi 2008 (ai__14); Kapurthala 2010 (ai__17); Kapurthala 2011 (ai__20); Ludhiana 2010 (ai__23); Ludhiana 2011 (ai__26)]. Hui GT carries only a country tag and its within-country obs_id ordering does not follow Table 5 row order, so the specific location/year cell is indeterminate.",low
gt__zou_2012__r51,zou_2012,AMBIGUOUS,,"Zou 2012 Table 5, Soil+Foliar Zn, country India. India has 5 site-years for this treatment [Varanasi 2008 (ai__14); Kapurthala 2010 (ai__17); Kapurthala 2011 (ai__20); Ludhiana 2010 (ai__23); Ludhiana 2011 (ai__26)]. Hui GT carries only a country tag and its within-country obs_id ordering does not follow Table 5 row order, so the specific location/year cell is indeterminate.",low
gt__zou_2012__r52,zou_2012,AMBIGUOUS,,"Zou 2012 Table 5, Soil+Foliar Zn, country India. India has 5 site-years for this treatment [Varanasi 2008 (ai__14); Kapurthala 2010 (ai__17); Kapurthala 2011 (ai__20); Ludhiana 2010 (ai__23); Ludhiana 2011 (ai__26)]. Hui GT carries only a country tag and its within-country obs_id ordering does not follow Table 5 row order, so the specific location/year cell is indeterminate.",low
gt__zou_2012__r53,zou_2012,AMBIGUOUS,,"Zou 2012 Table 5, Soil+Foliar Zn, country India. India has 5 site-years for this treatment [Varanasi 2008 (ai__14); Kapurthala 2010 (ai__17); Kapurthala 2011 (ai__20); Ludhiana 2010 (ai__23); Ludhiana 2011 (ai__26)]. Hui GT carries only a country tag and its within-country obs_id ordering does not follow Table 5 row order, so the specific location/year cell is indeterminate.",low
gt__zou_2012__r54,zou_2012,AMBIGUOUS,,"Zou 2012 Table 5, Soil+Foliar Zn, country Kazakhstan. Kazakhstan has 2 site-years for this treatment [Shortandy 2009 (ai__29); Shortandy 2010 (ai__32)]. Hui GT carries only a country tag and its within-country obs_id ordering does not follow Table 5 row order, so the specific location/year cell is indeterminate.",low
gt__zou_2012__r55,zou_2012,MATCH,zou_2012__ai__35,"Zou 2012 Table 5, Soil+Foliar Zn vs Nil control. Country Mexico has a single site-year (Yaqui Valley 2008) for this treatment, so the GT row resolves uniquely to ai__35.",high
gt__zou_2012__r56,zou_2012,AMBIGUOUS,,"Zou 2012 Table 5, Soil+Foliar Zn, country Pakistan. Pakistan has 6 site-years for this treatment [Ayub 2009 (ai__38); Faisalabad 2008 (ai__41); Muridke-I 2009 (ai__44); Muridke-I 2010 (ai__47); Muridke-II 2009 (ai__50); Muridke-II 2010 (ai__53)]. Hui GT carries only a country tag and its within-country obs_id ordering does not follow Table 5 row order, so the specific location/year cell is indeterminate.",low
gt__zou_2012__r57,zou_2012,AMBIGUOUS,,"Zou 2012 Table 5, Soil+Foliar Zn, country Pakistan. Pakistan has 6 site-years for this treatment [Ayub 2009 (ai__38); Faisalabad 2008 (ai__41); Muridke-I 2009 (ai__44); Muridke-I 2010 (ai__47); Muridke-II 2009 (ai__50); Muridke-II 2010 (ai__53)]. Hui GT carries only a country tag and its within-country obs_id ordering does not follow Table 5 row order, so the specific location/year cell is indeterminate.",low
gt__zou_2012__r58,zou_2012,AMBIGUOUS,,"Zou 2012 Table 5, Soil+Foliar Zn, country Pakistan. Pakistan has 6 site-years for this treatment [Ayub 2009 (ai__38); Faisalabad 2008 (ai__41); Muridke-I 2009 (ai__44); Muridke-I 2010 (ai__47); Muridke-II 2009 (ai__50); Muridke-II 2010 (ai__53)]. Hui GT carries only a country tag and its within-country obs_id ordering does not follow Table 5 row order, so the specific location/year cell is indeterminate.",low
gt__zou_2012__r59,zou_2012,AMBIGUOUS,,"Zou 2012 Table 5, Soil+Foliar Zn, country Pakistan. Pakistan has 6 site-years for this treatment [Ayub 2009 (ai__38); Faisalabad 2008 (ai__41); Muridke-I 2009 (ai__44); Muridke-I 2010 (ai__47); Muridke-II 2009 (ai__50); Muridke-II 2010 (ai__53)]. Hui GT carries only a country tag and its within-country obs_id ordering does not follow Table 5 row order, so the specific location/year cell is indeterminate.",low
gt__zou_2012__r60,zou_2012,AMBIGUOUS,,"Zou 2012 Table 5, Soil+Foliar Zn, country Pakistan. Pakistan has 6 site-years for this treatment [Ayub 2009 (ai__38); Faisalabad 2008 (ai__41); Muridke-I 2009 (ai__44); Muridke-I 2010 (ai__47); Muridke-II 2009 (ai__50); Muridke-II 2010 (ai__53)]. Hui GT carries only a country tag and its within-country obs_id ordering does not follow Table 5 row order, so the specific location/year cell is indeterminate.",low
gt__zou_2012__r61,zou_2012,AMBIGUOUS,,"Zou 2012 Table 5, Soil+Foliar Zn, country Pakistan. Pakistan has 6 site-years for this treatment [Ayub 2009 (ai__38); Faisalabad 2008 (ai__41); Muridke-I 2009 (ai__44); Muridke-I 2010 (ai__47); Muridke-II 2009 (ai__50); Muridke-II 2010 (ai__53)]. Hui GT carries only a country tag and its within-country obs_id ordering does not follow Table 5 row order, so the specific location/year cell is indeterminate.",low
gt__zou_2012__r62,zou_2012,AMBIGUOUS,,"Zou 2012 Table 5, Soil+Foliar Zn, country Turkey. Turkey has 4 site-years for this treatment [Eskisehir 2009 (ai__56); Eskisehir 2010 (ai__59); Konya 2009 (ai__62); Konya 2010 (ai__65)]. Hui GT carries only a country tag and its within-country obs_id ordering does not follow Table 5 row order, so the specific location/year cell is indeterminate.",low
gt__zou_2012__r63,zou_2012,AMBIGUOUS,,"Zou 2012 Table 5, Soil+Foliar Zn, country Turkey. Turkey has 4 site-years for this treatment [Eskisehir 2009 (ai__56); Eskisehir 2010 (ai__59); Konya 2009 (ai__62); Konya 2010 (ai__65)]. Hui GT carries only a country tag and its within-country obs_id ordering does not follow Table 5 row order, so the specific location/year cell is indeterminate.",low
gt__zou_2012__r64,zou_2012,AMBIGUOUS,,"Zou 2012 Table 5, Soil+Foliar Zn, country Turkey. Turkey has 4 site-years for this treatment [Eskisehir 2009 (ai__56); Eskisehir 2010 (ai__59); Konya 2009 (ai__62); Konya 2010 (ai__65)]. Hui GT carries only a country tag and its within-country obs_id ordering does not follow Table 5 row order, so the specific location/year cell is indeterminate.",low
gt__zou_2012__r65,zou_2012,AMBIGUOUS,,"Zou 2012 Table 5, Soil+Foliar Zn, country Turkey. Turkey has 4 site-years for this treatment [Eskisehir 2009 (ai__56); Eskisehir 2010 (ai__59); Konya 2009 (ai__62); Konya 2010 (ai__65)]. Hui GT carries only a country tag and its within-country obs_id ordering does not follow Table 5 row order, so the specific location/year cell is indeterminate.",low
gt__zou_2012__r66,zou_2012,MATCH,zou_2012__ai__67,"Zou 2012 Table 5, Soil+Foliar Zn vs Nil control. Country Zambia has a single site-year (Chisamba 2010) for this treatment, so the GT row resolves uniquely to ai__67.",high
gt__zulfiqar_2020__r0,zulfiqar_2020,AMBIGUOUS,zulfiqar_2020__ai__4,"Soil Zn application method. AI Soil cells span 2 tillage (PT/ZT) x 2 years (2017-18/2018-19) = 4 cells (ai 4,5,12,13); GT carries 4 Soil rows (study_id=18, obs 842-845) with no tillage/year disambiguator, so method-group match is certain but the specific within-group cell is indeterminate.",low
gt__zulfiqar_2020__r1,zulfiqar_2020,AMBIGUOUS,zulfiqar_2020__ai__5,"Soil Zn application method, paired to a distinct AI Soil cell (2 tillage x 2 years). GT lacks tillage/year disambiguator so exact cell assignment within the 4-cell Soil group is indeterminate.",low
gt__zulfiqar_2020__r2,zulfiqar_2020,AMBIGUOUS,zulfiqar_2020__ai__12,"Soil Zn application method, paired to a distinct AI Soil cell. GT lacks tillage/year disambiguator so exact cell assignment within the 4-cell Soil group is indeterminate.",low
gt__zulfiqar_2020__r3,zulfiqar_2020,AMBIGUOUS,zulfiqar_2020__ai__13,"Soil Zn application method, paired to the remaining distinct AI Soil cell. GT lacks tillage/year disambiguator so exact cell assignment within the 4-cell Soil group is indeterminate.",low
gt__zulfiqar_2020__r4,zulfiqar_2020,AMBIGUOUS,zulfiqar_2020__ai__6,"Foliar Zn application method (Zn foliar spray). AI Foliar cells span 2 tillage x 2 years = 4 cells (ai 6,7,14,15); GT carries 4 Foliar rows (study_id=71, obs 762-765) with no tillage/year disambiguator, so method-group match is certain but specific within-group cell is indeterminate.",low
gt__zulfiqar_2020__r5,zulfiqar_2020,AMBIGUOUS,zulfiqar_2020__ai__7,"Foliar Zn application method, paired to a distinct AI Foliar cell. GT lacks tillage/year disambiguator so exact cell assignment within the 4-cell Foliar group is indeterminate.",low
gt__zulfiqar_2020__r6,zulfiqar_2020,AMBIGUOUS,zulfiqar_2020__ai__14,"Foliar Zn application method, paired to a distinct AI Foliar cell. GT lacks tillage/year disambiguator so exact cell assignment within the 4-cell Foliar group is indeterminate.",low
gt__zulfiqar_2020__r7,zulfiqar_2020,AMBIGUOUS,zulfiqar_2020__ai__15,"Foliar Zn application method, paired to the remaining distinct AI Foliar cell. GT lacks tillage/year disambiguator so exact cell assignment within the 4-cell Foliar group is indeterminate.",low
