row_id,side,paper_id,outcome_canonical,crop,treatment_level,co_amendment,co_amendment_level,timepoint,aggregation_level,unit_canonical,control_token,treatment_mean,control_mean,source_locator,is_figure,evidence,decoder
034_Johnson_1997__ai__0,ai,034_Johnson_1997,mineral_concentration,na,n,foliar,quercus_geminata,eco2_350_amb_370,single_cell,ratio,ambient_co2,-0.088496,,Table 3,0,"element='N concentration (%)'->n | tissue='leaf'->foliar | species='Quercus geminata' | CO2->eco2_350_amb_370 | lvl_suffix=[] tp_suffix=[] | T_desc='Elevated CO2 (ambient + 350 µL/L, ~720 ppm)' C_desc='Ambient CO2 (~370 ppm)' | unit='%' | src='Table 3' || NOTE: species='Quercus geminata' ; CO2 e=350 a=370",ai-decode-v3
034_Johnson_1997__ai__1,ai,034_Johnson_1997,mineral_concentration,na,n,foliar,quercus_myrtifolia,eco2_350_amb_370,single_cell,ratio,ambient_co2,-0.120968,,Table 3,0,"element='N concentration (%)'->n | tissue='leaf'->foliar | species='Quercus myrtifolia' | CO2->eco2_350_amb_370 | lvl_suffix=[] tp_suffix=[] | T_desc='Elevated CO2 (ambient + 350 µL/L, ~720 ppm)' C_desc='Ambient CO2 (~370 ppm)' | unit='%' | src='Table 3' || NOTE: species='Quercus myrtifolia' ; CO2 e=350 a=370",ai-decode-v3
034_Johnson_1997__ai__2,ai,034_Johnson_1997,mineral_concentration,na,n,above_ground,quercus_geminata,eco2_350_amb_370,single_cell,ratio,ambient_co2,-0.071429,,Table 3,0,"element='N concentration (%)'->n | tissue='shoot'->above_ground | species='Quercus geminata' | CO2->eco2_350_amb_370 | lvl_suffix=[] tp_suffix=[] | T_desc='Elevated CO2 (ambient + 350 µL/L, ~720 ppm)' C_desc='Ambient CO2 (~370 ppm)' | unit='%' | src='Table 3' || NOTE: shoot/stem-class -> above_ground (GT convention) ; species='Quercus geminata' ; CO2 e=350 a=370",ai-decode-v3
034_Johnson_1997__ai__3,ai,034_Johnson_1997,mineral_concentration,na,n,above_ground,quercus_myrtifolia,eco2_350_amb_370,single_cell,ratio,ambient_co2,-0.152174,,Table 3,0,"element='N concentration (%)'->n | tissue='shoot'->above_ground | species='Quercus myrtifolia' | CO2->eco2_350_amb_370 | lvl_suffix=[] tp_suffix=[] | T_desc='Elevated CO2 (ambient + 350 µL/L, ~720 ppm)' C_desc='Ambient CO2 (~370 ppm)' | unit='%' | src='Table 3' || NOTE: shoot/stem-class -> above_ground (GT convention) ; species='Quercus myrtifolia' ; CO2 e=350 a=370",ai-decode-v3
034_Johnson_1997__ai__4,ai,034_Johnson_1997,mineral_concentration,na,n,above_ground,quercus_geminata,eco2_350_amb_370,single_cell,ratio,ambient_co2,-0.088608,,Table 3,0,"element='N concentration (%)'->n | tissue='whole plant'->above_ground | species='Quercus geminata' | CO2->eco2_350_amb_370 | lvl_suffix=[] tp_suffix=[] | T_desc='Elevated CO2 (ambient + 350 µL/L, ~720 ppm)' C_desc='Ambient CO2 (~370 ppm)' | unit='%' | src='Table 3' || NOTE: species='Quercus geminata' ; CO2 e=350 a=370",ai-decode-v3
034_Johnson_1997__ai__5,ai,034_Johnson_1997,mineral_concentration,na,n,above_ground,quercus_myrtifolia,eco2_350_amb_370,single_cell,ratio,ambient_co2,-0.202703,,Table 3,0,"element='N concentration (%)'->n | tissue='whole plant'->above_ground | species='Quercus myrtifolia' | CO2->eco2_350_amb_370 | lvl_suffix=[] tp_suffix=[] | T_desc='Elevated CO2 (ambient + 350 µL/L, ~720 ppm)' C_desc='Ambient CO2 (~370 ppm)' | unit='%' | src='Table 3' || NOTE: species='Quercus myrtifolia' ; CO2 e=350 a=370",ai-decode-v3
034_Johnson_1997__ai__6,ai,034_Johnson_1997,mineral_concentration,na,n,above_ground,both_species_combined,pooled,pooled,ratio,ambient_co2,-0.171053,,Table 3,0,"element='N concentration (%)'->n | tissue='whole plant'->above_ground | species='Both species combined' [pooled] | CO2->pooled | lvl_suffix=[] tp_suffix=[] | T_desc='Elevated CO2 (ambient + 350 µL/L, ~720 ppm)' C_desc='Ambient CO2 (~370 ppm)' | unit='%' | src='Table 3' || NOTE: species='Both species combined' [pooled] ; CO2 e=350 a=370",ai-decode-v3
034_Johnson_1997__ai__7,ai,034_Johnson_1997,mineral_concentration,na,n,foliar,both_species_combined,pooled,pooled,ratio,ambient_co2,0.01,,Table 3,0,"element='N concentration (%)'->n | tissue='leaf'->foliar | species='Both species combined' [pooled] | CO2->pooled | lvl_suffix=[] tp_suffix=[] | T_desc='Elevated CO2 (ambient + 350 µL/L, ~720 ppm)' C_desc='Ambient CO2 (~370 ppm)' | unit='%' | src='Table 3' || NOTE: species='Both species combined' [pooled] ; CO2 e=350 a=370",ai-decode-v3
034_Johnson_1997__ai__8,ai,034_Johnson_1997,mineral_concentration,na,n,foliar,both_species_combined,pooled,pooled,ratio,ambient_co2,0.040404,,Table 3,0,"element='N concentration (%)'->n | tissue='leaf'->foliar | species='Both species combined' [pooled] | CO2->pooled | lvl_suffix=[] tp_suffix=[] | T_desc='Elevated CO2 (ambient + 350 µL/L, ~720 ppm)' C_desc='Ambient CO2 (~370 ppm)' | unit='%' | src='Table 3' || NOTE: species='Both species combined' [pooled] ; CO2 e=350 a=370",ai-decode-v3
034_Johnson_1997__ai__9,ai,034_Johnson_1997,mineral_concentration,na,p,foliar,quercus_geminata,eco2_350_amb_370,single_cell,ratio,ambient_co2,-0.15,,Table 3,0,"element='P concentration (%)'->p | tissue='leaf'->foliar | species='Quercus geminata' | CO2->eco2_350_amb_370 | lvl_suffix=[] tp_suffix=[] | T_desc='Elevated CO2 (ambient + 350 µL/L, ~720 ppm)' C_desc='Ambient CO2 (~370 ppm)' | unit='%' | src='Table 3' || NOTE: species='Quercus geminata' ; CO2 e=350 a=370",ai-decode-v3
034_Johnson_1997__ai__10,ai,034_Johnson_1997,mineral_concentration,na,p,foliar,quercus_myrtifolia,eco2_350_amb_370,single_cell,ratio,ambient_co2,0,,Table 3,0,"element='P concentration (%)'->p | tissue='leaf'->foliar | species='Quercus myrtifolia' | CO2->eco2_350_amb_370 | lvl_suffix=[] tp_suffix=[] | T_desc='Elevated CO2 (ambient + 350 µL/L, ~720 ppm)' C_desc='Ambient CO2 (~370 ppm)' | unit='%' | src='Table 3' || NOTE: species='Quercus myrtifolia' ; CO2 e=350 a=370",ai-decode-v3
034_Johnson_1997__ai__11,ai,034_Johnson_1997,mineral_concentration,na,p,above_ground,quercus_geminata,eco2_350_amb_370,single_cell,ratio,ambient_co2,-0.125,,Table 3,0,"element='P concentration (%)'->p | tissue='shoot'->above_ground | species='Quercus geminata' | CO2->eco2_350_amb_370 | lvl_suffix=[] tp_suffix=[] | T_desc='Elevated CO2 (ambient + 350 µL/L, ~720 ppm)' C_desc='Ambient CO2 (~370 ppm)' | unit='%' | src='Table 3' || NOTE: shoot/stem-class -> above_ground (GT convention) ; species='Quercus geminata' ; CO2 e=350 a=370",ai-decode-v3
034_Johnson_1997__ai__12,ai,034_Johnson_1997,mineral_concentration,na,p,above_ground,quercus_myrtifolia,eco2_350_amb_370,single_cell,ratio,ambient_co2,-0.083333,,Table 3,0,"element='P concentration (%)'->p | tissue='shoot'->above_ground | species='Quercus myrtifolia' | CO2->eco2_350_amb_370 | lvl_suffix=[] tp_suffix=[] | T_desc='Elevated CO2 (ambient + 350 µL/L, ~720 ppm)' C_desc='Ambient CO2 (~370 ppm)' | unit='%' | src='Table 3' || NOTE: shoot/stem-class -> above_ground (GT convention) ; species='Quercus myrtifolia' ; CO2 e=350 a=370",ai-decode-v3
034_Johnson_1997__ai__13,ai,034_Johnson_1997,mineral_concentration,na,p,above_ground,quercus_geminata,eco2_350_amb_370,single_cell,ratio,ambient_co2,-0.166667,,Table 3,0,"element='P concentration (%)'->p | tissue='whole plant'->above_ground | species='Quercus geminata' | CO2->eco2_350_amb_370 | lvl_suffix=[] tp_suffix=[] | T_desc='Elevated CO2 (ambient + 350 µL/L, ~720 ppm)' C_desc='Ambient CO2 (~370 ppm)' | unit='%' | src='Table 3' || NOTE: species='Quercus geminata' ; CO2 e=350 a=370",ai-decode-v3
034_Johnson_1997__ai__14,ai,034_Johnson_1997,mineral_concentration,na,p,above_ground,quercus_myrtifolia,eco2_350_amb_370,single_cell,ratio,ambient_co2,0,,Table 3,0,"element='P concentration (%)'->p | tissue='whole plant'->above_ground | species='Quercus myrtifolia' | CO2->eco2_350_amb_370 | lvl_suffix=[] tp_suffix=[] | T_desc='Elevated CO2 (ambient + 350 µL/L, ~720 ppm)' C_desc='Ambient CO2 (~370 ppm)' | unit='%' | src='Table 3' || NOTE: species='Quercus myrtifolia' ; CO2 e=350 a=370",ai-decode-v3
034_Johnson_1997__ai__15,ai,034_Johnson_1997,mineral_concentration,na,p,above_ground,both_species_combined,pooled,pooled,ratio,ambient_co2,-0.142857,,Table 3,0,"element='P concentration (%)'->p | tissue='whole plant'->above_ground | species='Both species combined' [pooled] | CO2->pooled | lvl_suffix=[] tp_suffix=[] | T_desc='Elevated CO2 (ambient + 350 µL/L, ~720 ppm)' C_desc='Ambient CO2 (~370 ppm)' | unit='%' | src='Table 3' || NOTE: species='Both species combined' [pooled] ; CO2 e=350 a=370",ai-decode-v3
034_Johnson_1997__ai__16,ai,034_Johnson_1997,mineral_concentration,na,p,foliar,both_species_combined,pooled,pooled,ratio,ambient_co2,0.111111,,Table 3,0,"element='P concentration (%)'->p | tissue='leaf'->foliar | species='Both species combined' [pooled] | CO2->pooled | lvl_suffix=[] tp_suffix=[] | T_desc='Elevated CO2 (ambient + 350 µL/L, ~720 ppm)' C_desc='Ambient CO2 (~370 ppm)' | unit='%' | src='Table 3' || NOTE: species='Both species combined' [pooled] ; CO2 e=350 a=370",ai-decode-v3
034_Johnson_1997__ai__17,ai,034_Johnson_1997,mineral_concentration,na,p,foliar,both_species_combined,pooled,pooled,ratio,ambient_co2,-0.2,,Table 3,0,"element='P concentration (%)'->p | tissue='leaf'->foliar | species='Both species combined' [pooled] | CO2->pooled | lvl_suffix=[] tp_suffix=[] | T_desc='Elevated CO2 (ambient + 350 µL/L, ~720 ppm)' C_desc='Ambient CO2 (~370 ppm)' | unit='%' | src='Table 3' || NOTE: species='Both species combined' [pooled] ; CO2 e=350 a=370",ai-decode-v3
034_Johnson_1997__ai__18,ai,034_Johnson_1997,mineral_concentration,na,k,foliar,quercus_geminata,eco2_350_amb_370,single_cell,ratio,ambient_co2,0.040816,,Table 3,0,"element='K concentration (%)'->k | tissue='leaf'->foliar | species='Quercus geminata' | CO2->eco2_350_amb_370 | lvl_suffix=[] tp_suffix=[] | T_desc='Elevated CO2 (ambient + 350 µL/L, ~720 ppm)' C_desc='Ambient CO2 (~370 ppm)' | unit='%' | src='Table 3' || NOTE: species='Quercus geminata' ; CO2 e=350 a=370",ai-decode-v3
034_Johnson_1997__ai__19,ai,034_Johnson_1997,mineral_concentration,na,k,foliar,quercus_myrtifolia,eco2_350_amb_370,single_cell,ratio,ambient_co2,0,,Table 3,0,"element='K concentration (%)'->k | tissue='leaf'->foliar | species='Quercus myrtifolia' | CO2->eco2_350_amb_370 | lvl_suffix=[] tp_suffix=[] | T_desc='Elevated CO2 (ambient + 350 µL/L, ~720 ppm)' C_desc='Ambient CO2 (~370 ppm)' | unit='%' | src='Table 3' || NOTE: species='Quercus myrtifolia' ; CO2 e=350 a=370",ai-decode-v3
034_Johnson_1997__ai__20,ai,034_Johnson_1997,mineral_concentration,na,k,above_ground,quercus_geminata,eco2_350_amb_370,single_cell,ratio,ambient_co2,0.09375,,Table 3,0,"element='K concentration (%)'->k | tissue='shoot'->above_ground | species='Quercus geminata' | CO2->eco2_350_amb_370 | lvl_suffix=[] tp_suffix=[] | T_desc='Elevated CO2 (ambient + 350 µL/L, ~720 ppm)' C_desc='Ambient CO2 (~370 ppm)' | unit='%' | src='Table 3' || NOTE: shoot/stem-class -> above_ground (GT convention) ; species='Quercus geminata' ; CO2 e=350 a=370",ai-decode-v3
034_Johnson_1997__ai__21,ai,034_Johnson_1997,mineral_concentration,na,k,above_ground,quercus_myrtifolia,eco2_350_amb_370,single_cell,ratio,ambient_co2,0.076923,,Table 3,0,"element='K concentration (%)'->k | tissue='shoot'->above_ground | species='Quercus myrtifolia' | CO2->eco2_350_amb_370 | lvl_suffix=[] tp_suffix=[] | T_desc='Elevated CO2 (ambient + 350 µL/L, ~720 ppm)' C_desc='Ambient CO2 (~370 ppm)' | unit='%' | src='Table 3' || NOTE: shoot/stem-class -> above_ground (GT convention) ; species='Quercus myrtifolia' ; CO2 e=350 a=370",ai-decode-v3
034_Johnson_1997__ai__22,ai,034_Johnson_1997,mineral_concentration,na,k,above_ground,quercus_geminata,eco2_350_amb_370,single_cell,ratio,ambient_co2,0.128205,,Table 3,0,"element='K concentration (%)'->k | tissue='whole plant'->above_ground | species='Quercus geminata' | CO2->eco2_350_amb_370 | lvl_suffix=[] tp_suffix=[] | T_desc='Elevated CO2 (ambient + 350 µL/L, ~720 ppm)' C_desc='Ambient CO2 (~370 ppm)' | unit='%' | src='Table 3' || NOTE: species='Quercus geminata' ; CO2 e=350 a=370",ai-decode-v3
034_Johnson_1997__ai__23,ai,034_Johnson_1997,mineral_concentration,na,k,above_ground,quercus_myrtifolia,eco2_350_amb_370,single_cell,ratio,ambient_co2,0,,Table 3,0,"element='K concentration (%)'->k | tissue='whole plant'->above_ground | species='Quercus myrtifolia' | CO2->eco2_350_amb_370 | lvl_suffix=[] tp_suffix=[] | T_desc='Elevated CO2 (ambient + 350 µL/L, ~720 ppm)' C_desc='Ambient CO2 (~370 ppm)' | unit='%' | src='Table 3' || NOTE: species='Quercus myrtifolia' ; CO2 e=350 a=370",ai-decode-v3
034_Johnson_1997__ai__24,ai,034_Johnson_1997,mineral_concentration,na,k,above_ground,both_species_combined,pooled,pooled,ratio,ambient_co2,0,,Table 3,0,"element='K concentration (%)'->k | tissue='whole plant'->above_ground | species='Both species combined' [pooled] | CO2->pooled | lvl_suffix=[] tp_suffix=[] | T_desc='Elevated CO2 (ambient + 350 µL/L, ~720 ppm)' C_desc='Ambient CO2 (~370 ppm)' | unit='%' | src='Table 3' || NOTE: species='Both species combined' [pooled] ; CO2 e=350 a=370",ai-decode-v3
034_Johnson_1997__ai__25,ai,034_Johnson_1997,mineral_concentration,na,k,foliar,both_species_combined,pooled,pooled,ratio,ambient_co2,0.08,,Table 3,0,"element='K concentration (%)'->k | tissue='leaf'->foliar | species='Both species combined' [pooled] | CO2->pooled | lvl_suffix=[] tp_suffix=[] | T_desc='Elevated CO2 (ambient + 350 µL/L, ~720 ppm)' C_desc='Ambient CO2 (~370 ppm)' | unit='%' | src='Table 3' || NOTE: species='Both species combined' [pooled] ; CO2 e=350 a=370",ai-decode-v3
034_Johnson_1997__ai__26,ai,034_Johnson_1997,mineral_concentration,na,k,foliar,both_species_combined,pooled,pooled,ratio,ambient_co2,0,,Table 3,0,"element='K concentration (%)'->k | tissue='leaf'->foliar | species='Both species combined' [pooled] | CO2->pooled | lvl_suffix=[] tp_suffix=[] | T_desc='Elevated CO2 (ambient + 350 µL/L, ~720 ppm)' C_desc='Ambient CO2 (~370 ppm)' | unit='%' | src='Table 3' || NOTE: species='Both species combined' [pooled] ; CO2 e=350 a=370",ai-decode-v3
034_Johnson_1997__ai__27,ai,034_Johnson_1997,mineral_concentration,na,mg,foliar,quercus_geminata,eco2_350_amb_370,single_cell,ratio,ambient_co2,-0.2,,Table 3,0,"element='Mg concentration (%)'->mg | tissue='leaf'->foliar | species='Quercus geminata' | CO2->eco2_350_amb_370 | lvl_suffix=[] tp_suffix=[] | T_desc='Elevated CO2 (ambient + 350 µL/L, ~720 ppm)' C_desc='Ambient CO2 (~370 ppm)' | unit='%' | src='Table 3' || NOTE: species='Quercus geminata' ; CO2 e=350 a=370",ai-decode-v3
034_Johnson_1997__ai__28,ai,034_Johnson_1997,mineral_concentration,na,mg,foliar,quercus_myrtifolia,eco2_350_amb_370,single_cell,ratio,ambient_co2,0,,Table 3,0,"element='Mg concentration (%)'->mg | tissue='leaf'->foliar | species='Quercus myrtifolia' | CO2->eco2_350_amb_370 | lvl_suffix=[] tp_suffix=[] | T_desc='Elevated CO2 (ambient + 350 µL/L, ~720 ppm)' C_desc='Ambient CO2 (~370 ppm)' | unit='%' | src='Table 3' || NOTE: species='Quercus myrtifolia' ; CO2 e=350 a=370",ai-decode-v3
034_Johnson_1997__ai__29,ai,034_Johnson_1997,mineral_concentration,na,mg,above_ground,quercus_geminata,eco2_350_amb_370,single_cell,ratio,ambient_co2,-0.153846,,Table 3,0,"element='Mg concentration (%)'->mg | tissue='shoot'->above_ground | species='Quercus geminata' | CO2->eco2_350_amb_370 | lvl_suffix=[] tp_suffix=[] | T_desc='Elevated CO2 (ambient + 350 µL/L, ~720 ppm)' C_desc='Ambient CO2 (~370 ppm)' | unit='%' | src='Table 3' || NOTE: shoot/stem-class -> above_ground (GT convention) ; species='Quercus geminata' ; CO2 e=350 a=370",ai-decode-v3
034_Johnson_1997__ai__30,ai,034_Johnson_1997,mineral_concentration,na,mg,above_ground,quercus_myrtifolia,eco2_350_amb_370,single_cell,ratio,ambient_co2,-0.181818,,Table 3,0,"element='Mg concentration (%)'->mg | tissue='shoot'->above_ground | species='Quercus myrtifolia' | CO2->eco2_350_amb_370 | lvl_suffix=[] tp_suffix=[] | T_desc='Elevated CO2 (ambient + 350 µL/L, ~720 ppm)' C_desc='Ambient CO2 (~370 ppm)' | unit='%' | src='Table 3' || NOTE: shoot/stem-class -> above_ground (GT convention) ; species='Quercus myrtifolia' ; CO2 e=350 a=370",ai-decode-v3
034_Johnson_1997__ai__31,ai,034_Johnson_1997,mineral_concentration,na,mg,above_ground,quercus_geminata,eco2_350_amb_370,single_cell,ratio,ambient_co2,-0.214286,,Table 3,0,"element='Mg concentration (%)'->mg | tissue='whole plant'->above_ground | species='Quercus geminata' | CO2->eco2_350_amb_370 | lvl_suffix=[] tp_suffix=[] | T_desc='Elevated CO2 (ambient + 350 µL/L, ~720 ppm)' C_desc='Ambient CO2 (~370 ppm)' | unit='%' | src='Table 3' || NOTE: species='Quercus geminata' ; CO2 e=350 a=370",ai-decode-v3
034_Johnson_1997__ai__32,ai,034_Johnson_1997,mineral_concentration,na,mg,above_ground,quercus_myrtifolia,eco2_350_amb_370,single_cell,ratio,ambient_co2,-0.166667,,Table 3,0,"element='Mg concentration (%)'->mg | tissue='whole plant'->above_ground | species='Quercus myrtifolia' | CO2->eco2_350_amb_370 | lvl_suffix=[] tp_suffix=[] | T_desc='Elevated CO2 (ambient + 350 µL/L, ~720 ppm)' C_desc='Ambient CO2 (~370 ppm)' | unit='%' | src='Table 3' || NOTE: species='Quercus myrtifolia' ; CO2 e=350 a=370",ai-decode-v3
034_Johnson_1997__ai__33,ai,034_Johnson_1997,mineral_concentration,na,mg,above_ground,both_species_combined,pooled,pooled,ratio,ambient_co2,-0.230769,,Table 3,0,"element='Mg concentration (%)'->mg | tissue='whole plant'->above_ground | species='Both species combined' [pooled] | CO2->pooled | lvl_suffix=[] tp_suffix=[] | T_desc='Elevated CO2 (ambient + 350 µL/L, ~720 ppm)' C_desc='Ambient CO2 (~370 ppm)' | unit='%' | src='Table 3' || NOTE: species='Both species combined' [pooled] ; CO2 e=350 a=370",ai-decode-v3
034_Johnson_1997__ai__34,ai,034_Johnson_1997,mineral_concentration,na,mg,foliar,both_species_combined,pooled,pooled,ratio,ambient_co2,-0.2,,Table 3,0,"element='Mg concentration (%)'->mg | tissue='leaf'->foliar | species='Both species combined' [pooled] | CO2->pooled | lvl_suffix=[] tp_suffix=[] | T_desc='Elevated CO2 (ambient + 350 µL/L, ~720 ppm)' C_desc='Ambient CO2 (~370 ppm)' | unit='%' | src='Table 3' || NOTE: species='Both species combined' [pooled] ; CO2 e=350 a=370",ai-decode-v3
034_Johnson_1997__ai__35,ai,034_Johnson_1997,mineral_concentration,na,mg,foliar,both_species_combined,pooled,pooled,ratio,ambient_co2,-0.158416,,Table 3,0,"element='Mg concentration (%)'->mg | tissue='leaf'->foliar | species='Both species combined' [pooled] | CO2->pooled | lvl_suffix=[] tp_suffix=[] | T_desc='Elevated CO2 (ambient + 350 µL/L, ~720 ppm)' C_desc='Ambient CO2 (~370 ppm)' | unit='%' | src='Table 3' || NOTE: species='Both species combined' [pooled] ; CO2 e=350 a=370",ai-decode-v3
034_Johnson_1997__ai__36,ai,034_Johnson_1997,mineral_concentration,na,ca,foliar,quercus_geminata,eco2_350_amb_370,single_cell,ratio,ambient_co2,-0.114286,,Table 3,0,"element='Ca concentration (%)'->ca | tissue='leaf'->foliar | species='Quercus geminata' | CO2->eco2_350_amb_370 | lvl_suffix=[] tp_suffix=[] | T_desc='Elevated CO2 (ambient + 350 µL/L, ~720 ppm)' C_desc='Ambient CO2 (~370 ppm)' | unit='%' | src='Table 3' || NOTE: species='Quercus geminata' ; CO2 e=350 a=370",ai-decode-v3
034_Johnson_1997__ai__37,ai,034_Johnson_1997,mineral_concentration,na,ca,foliar,quercus_myrtifolia,eco2_350_amb_370,single_cell,ratio,ambient_co2,0.155172,,Table 3,0,"element='Ca concentration (%)'->ca | tissue='leaf'->foliar | species='Quercus myrtifolia' | CO2->eco2_350_amb_370 | lvl_suffix=[] tp_suffix=[] | T_desc='Elevated CO2 (ambient + 350 µL/L, ~720 ppm)' C_desc='Ambient CO2 (~370 ppm)' | unit='%' | src='Table 3' || NOTE: species='Quercus myrtifolia' ; CO2 e=350 a=370",ai-decode-v3
034_Johnson_1997__ai__38,ai,034_Johnson_1997,mineral_concentration,na,ca,above_ground,quercus_geminata,eco2_350_amb_370,single_cell,ratio,ambient_co2,-0.235294,,Table 3,0,"element='Ca concentration (%)'->ca | tissue='shoot'->above_ground | species='Quercus geminata' | CO2->eco2_350_amb_370 | lvl_suffix=[] tp_suffix=[] | T_desc='Elevated CO2 (ambient + 350 µL/L, ~720 ppm)' C_desc='Ambient CO2 (~370 ppm)' | unit='%' | src='Table 3' || NOTE: shoot/stem-class -> above_ground (GT convention) ; species='Quercus geminata' ; CO2 e=350 a=370",ai-decode-v3
034_Johnson_1997__ai__39,ai,034_Johnson_1997,mineral_concentration,na,ca,above_ground,quercus_myrtifolia,eco2_350_amb_370,single_cell,ratio,ambient_co2,-0.060976,,Table 3,0,"element='Ca concentration (%)'->ca | tissue='shoot'->above_ground | species='Quercus myrtifolia' | CO2->eco2_350_amb_370 | lvl_suffix=[] tp_suffix=[] | T_desc='Elevated CO2 (ambient + 350 µL/L, ~720 ppm)' C_desc='Ambient CO2 (~370 ppm)' | unit='%' | src='Table 3' || NOTE: shoot/stem-class -> above_ground (GT convention) ; species='Quercus myrtifolia' ; CO2 e=350 a=370",ai-decode-v3
034_Johnson_1997__ai__40,ai,034_Johnson_1997,mineral_concentration,na,ca,above_ground,quercus_geminata,eco2_350_amb_370,single_cell,ratio,ambient_co2,-0.164706,,Table 3,0,"element='Ca concentration (%)'->ca | tissue='whole plant'->above_ground | species='Quercus geminata' | CO2->eco2_350_amb_370 | lvl_suffix=[] tp_suffix=[] | T_desc='Elevated CO2 (ambient + 350 µL/L, ~720 ppm)' C_desc='Ambient CO2 (~370 ppm)' | unit='%' | src='Table 3' || NOTE: species='Quercus geminata' ; CO2 e=350 a=370",ai-decode-v3
034_Johnson_1997__ai__41,ai,034_Johnson_1997,mineral_concentration,na,ca,above_ground,quercus_myrtifolia,eco2_350_amb_370,single_cell,ratio,ambient_co2,0.013699,,Table 3,0,"element='Ca concentration (%)'->ca | tissue='whole plant'->above_ground | species='Quercus myrtifolia' | CO2->eco2_350_amb_370 | lvl_suffix=[] tp_suffix=[] | T_desc='Elevated CO2 (ambient + 350 µL/L, ~720 ppm)' C_desc='Ambient CO2 (~370 ppm)' | unit='%' | src='Table 3' || NOTE: species='Quercus myrtifolia' ; CO2 e=350 a=370",ai-decode-v3
034_Johnson_1997__ai__42,ai,034_Johnson_1997,mineral_concentration,na,ca,above_ground,both_species_combined,pooled,pooled,ratio,ambient_co2,-0.038961,,Table 3,0,"element='Ca concentration (%)'->ca | tissue='whole plant'->above_ground | species='Both species combined' [pooled] | CO2->pooled | lvl_suffix=[] tp_suffix=[] | T_desc='Elevated CO2 (ambient + 350 µL/L, ~720 ppm)' C_desc='Ambient CO2 (~370 ppm)' | unit='%' | src='Table 3' || NOTE: species='Both species combined' [pooled] ; CO2 e=350 a=370",ai-decode-v3
034_Johnson_1997__ai__43,ai,034_Johnson_1997,mineral_concentration,na,ca,foliar,both_species_combined,pooled,pooled,ratio,ambient_co2,0.075758,,Table 3,0,"element='Ca concentration (%)'->ca | tissue='leaf'->foliar | species='Both species combined' [pooled] | CO2->pooled | lvl_suffix=[] tp_suffix=[] | T_desc='Elevated CO2 (ambient + 350 µL/L, ~720 ppm)' C_desc='Ambient CO2 (~370 ppm)' | unit='%' | src='Table 3' || NOTE: species='Both species combined' [pooled] ; CO2 e=350 a=370",ai-decode-v3
034_Johnson_1997__ai__44,ai,034_Johnson_1997,mineral_concentration,na,ca,foliar,both_species_combined,pooled,pooled,ratio,ambient_co2,0.096774,,Table 3,0,"element='Ca concentration (%)'->ca | tissue='leaf'->foliar | species='Both species combined' [pooled] | CO2->pooled | lvl_suffix=[] tp_suffix=[] | T_desc='Elevated CO2 (ambient + 350 µL/L, ~720 ppm)' C_desc='Ambient CO2 (~370 ppm)' | unit='%' | src='Table 3' || NOTE: species='Both species combined' [pooled] ; CO2 e=350 a=370",ai-decode-v3
034_Johnson_1997__ai__45,ai,034_Johnson_1997,mineral_concentration,na,s,foliar,quercus_geminata,eco2_350_amb_370,single_cell,ratio,ambient_co2,-0.08542,,Table 3,0,"element='S concentration (µg/g)'->s | tissue='leaf'->foliar | species='Quercus geminata' | CO2->eco2_350_amb_370 | lvl_suffix=[] tp_suffix=[] | T_desc='Elevated CO2 (ambient + 350 µL/L, ~720 ppm)' C_desc='Ambient CO2 (~370 ppm)' | unit='µg/g' | src='Table 3' || NOTE: species='Quercus geminata' ; CO2 e=350 a=370",ai-decode-v3
034_Johnson_1997__ai__46,ai,034_Johnson_1997,mineral_concentration,na,s,foliar,quercus_myrtifolia,eco2_350_amb_370,single_cell,ratio,ambient_co2,-0.24,,Table 3,0,"element='S concentration (µg/g)'->s | tissue='leaf'->foliar | species='Quercus myrtifolia' | CO2->eco2_350_amb_370 | lvl_suffix=[] tp_suffix=[] | T_desc='Elevated CO2 (ambient + 350 µL/L, ~720 ppm)' C_desc='Ambient CO2 (~370 ppm)' | unit='µg/g' | src='Table 3' || NOTE: species='Quercus myrtifolia' ; CO2 e=350 a=370",ai-decode-v3
034_Johnson_1997__ai__47,ai,034_Johnson_1997,mineral_concentration,na,s,above_ground,quercus_geminata,eco2_350_amb_370,single_cell,ratio,ambient_co2,-0.069869,,Table 3,0,"element='S concentration (µg/g)'->s | tissue='shoot'->above_ground | species='Quercus geminata' | CO2->eco2_350_amb_370 | lvl_suffix=[] tp_suffix=[] | T_desc='Elevated CO2 (ambient + 350 µL/L, ~720 ppm)' C_desc='Ambient CO2 (~370 ppm)' | unit='µg/g' | src='Table 3' || NOTE: shoot/stem-class -> above_ground (GT convention) ; species='Quercus geminata' ; CO2 e=350 a=370",ai-decode-v3
034_Johnson_1997__ai__48,ai,034_Johnson_1997,mineral_concentration,na,s,above_ground,quercus_myrtifolia,eco2_350_amb_370,single_cell,ratio,ambient_co2,-0.124031,,Table 3,0,"element='S concentration (µg/g)'->s | tissue='shoot'->above_ground | species='Quercus myrtifolia' | CO2->eco2_350_amb_370 | lvl_suffix=[] tp_suffix=[] | T_desc='Elevated CO2 (ambient + 350 µL/L, ~720 ppm)' C_desc='Ambient CO2 (~370 ppm)' | unit='µg/g' | src='Table 3' || NOTE: shoot/stem-class -> above_ground (GT convention) ; species='Quercus myrtifolia' ; CO2 e=350 a=370",ai-decode-v3
034_Johnson_1997__ai__49,ai,034_Johnson_1997,mineral_concentration,na,s,above_ground,quercus_geminata,eco2_350_amb_370,single_cell,ratio,ambient_co2,-0.073171,,Table 3,0,"element='S concentration (µg/g)'->s | tissue='whole plant'->above_ground | species='Quercus geminata' | CO2->eco2_350_amb_370 | lvl_suffix=[] tp_suffix=[] | T_desc='Elevated CO2 (ambient + 350 µL/L, ~720 ppm)' C_desc='Ambient CO2 (~370 ppm)' | unit='µg/g' | src='Table 3' || NOTE: species='Quercus geminata' ; CO2 e=350 a=370",ai-decode-v3
034_Johnson_1997__ai__50,ai,034_Johnson_1997,mineral_concentration,na,s,above_ground,quercus_myrtifolia,eco2_350_amb_370,single_cell,ratio,ambient_co2,-0.330986,,Table 3,0,"element='S concentration (µg/g)'->s | tissue='whole plant'->above_ground | species='Quercus myrtifolia' | CO2->eco2_350_amb_370 | lvl_suffix=[] tp_suffix=[] | T_desc='Elevated CO2 (ambient + 350 µL/L, ~720 ppm)' C_desc='Ambient CO2 (~370 ppm)' | unit='µg/g' | src='Table 3' || NOTE: species='Quercus myrtifolia' ; CO2 e=350 a=370",ai-decode-v3
034_Johnson_1997__ai__51,ai,034_Johnson_1997,mineral_concentration,na,s,above_ground,both_species_combined,pooled,pooled,ratio,ambient_co2,-0.227811,,Table 3,0,"element='S concentration (µg/g)'->s | tissue='whole plant'->above_ground | species='Both species combined' [pooled] | CO2->pooled | lvl_suffix=[] tp_suffix=[] | T_desc='Elevated CO2 (ambient + 350 µL/L, ~720 ppm)' C_desc='Ambient CO2 (~370 ppm)' | unit='µg/g' | src='Table 3' || NOTE: species='Both species combined' [pooled] ; CO2 e=350 a=370",ai-decode-v3
034_Johnson_1997__ai__52,ai,034_Johnson_1997,mineral_concentration,na,s,foliar,both_species_combined,pooled,pooled,ratio,ambient_co2,-0.089606,,Table 3,0,"element='S concentration (µg/g)'->s | tissue='leaf'->foliar | species='Both species combined' [pooled] | CO2->pooled | lvl_suffix=[] tp_suffix=[] | T_desc='Elevated CO2 (ambient + 350 µL/L, ~720 ppm)' C_desc='Ambient CO2 (~370 ppm)' | unit='µg/g' | src='Table 3' || NOTE: species='Both species combined' [pooled] ; CO2 e=350 a=370",ai-decode-v3
034_Johnson_1997__ai__53,ai,034_Johnson_1997,mineral_concentration,na,s,foliar,both_species_combined,pooled,pooled,ratio,ambient_co2,-0.102353,,Table 3,0,"element='S concentration (µg/g)'->s | tissue='leaf'->foliar | species='Both species combined' [pooled] | CO2->pooled | lvl_suffix=[] tp_suffix=[] | T_desc='Elevated CO2 (ambient + 350 µL/L, ~720 ppm)' C_desc='Ambient CO2 (~370 ppm)' | unit='µg/g' | src='Table 3' || NOTE: species='Both species combined' [pooled] ; CO2 e=350 a=370",ai-decode-v3
034_Johnson_1997__ai__54,ai,034_Johnson_1997,mineral_concentration,na,zn,foliar,quercus_geminata,eco2_350_amb_370,single_cell,ratio,ambient_co2,0.083333,,Table 3,0,"element='Zn concentration (µg/g)'->zn | tissue='leaf'->foliar | species='Quercus geminata' | CO2->eco2_350_amb_370 | lvl_suffix=[] tp_suffix=[] | T_desc='Elevated CO2 (ambient + 350 µL/L, ~720 ppm)' C_desc='Ambient CO2 (~370 ppm)' | unit='µg/g' | src='Table 3' || NOTE: species='Quercus geminata' ; CO2 e=350 a=370",ai-decode-v3
034_Johnson_1997__ai__55,ai,034_Johnson_1997,mineral_concentration,na,zn,foliar,quercus_myrtifolia,eco2_350_amb_370,single_cell,ratio,ambient_co2,0.117647,,Table 3,0,"element='Zn concentration (µg/g)'->zn | tissue='leaf'->foliar | species='Quercus myrtifolia' | CO2->eco2_350_amb_370 | lvl_suffix=[] tp_suffix=[] | T_desc='Elevated CO2 (ambient + 350 µL/L, ~720 ppm)' C_desc='Ambient CO2 (~370 ppm)' | unit='µg/g' | src='Table 3' || NOTE: species='Quercus myrtifolia' ; CO2 e=350 a=370",ai-decode-v3
034_Johnson_1997__ai__56,ai,034_Johnson_1997,mineral_concentration,na,zn,above_ground,quercus_geminata,eco2_350_amb_370,single_cell,ratio,ambient_co2,-0.119048,,Table 3,0,"element='Zn concentration (µg/g)'->zn | tissue='shoot'->above_ground | species='Quercus geminata' | CO2->eco2_350_amb_370 | lvl_suffix=[] tp_suffix=[] | T_desc='Elevated CO2 (ambient + 350 µL/L, ~720 ppm)' C_desc='Ambient CO2 (~370 ppm)' | unit='µg/g' | src='Table 3' || NOTE: shoot/stem-class -> above_ground (GT convention) ; species='Quercus geminata' ; CO2 e=350 a=370",ai-decode-v3
034_Johnson_1997__ai__57,ai,034_Johnson_1997,mineral_concentration,na,zn,above_ground,quercus_myrtifolia,eco2_350_amb_370,single_cell,ratio,ambient_co2,-0.073171,,Table 3,0,"element='Zn concentration (µg/g)'->zn | tissue='shoot'->above_ground | species='Quercus myrtifolia' | CO2->eco2_350_amb_370 | lvl_suffix=[] tp_suffix=[] | T_desc='Elevated CO2 (ambient + 350 µL/L, ~720 ppm)' C_desc='Ambient CO2 (~370 ppm)' | unit='µg/g' | src='Table 3' || NOTE: shoot/stem-class -> above_ground (GT convention) ; species='Quercus myrtifolia' ; CO2 e=350 a=370",ai-decode-v3
034_Johnson_1997__ai__58,ai,034_Johnson_1997,mineral_concentration,na,zn,above_ground,quercus_geminata,eco2_350_amb_370,single_cell,ratio,ambient_co2,0,,Table 3,0,"element='Zn concentration (µg/g)'->zn | tissue='whole plant'->above_ground | species='Quercus geminata' | CO2->eco2_350_amb_370 | lvl_suffix=[] tp_suffix=[] | T_desc='Elevated CO2 (ambient + 350 µL/L, ~720 ppm)' C_desc='Ambient CO2 (~370 ppm)' | unit='µg/g' | src='Table 3' || NOTE: species='Quercus geminata' ; CO2 e=350 a=370",ai-decode-v3
034_Johnson_1997__ai__59,ai,034_Johnson_1997,mineral_concentration,na,zn,above_ground,quercus_myrtifolia,eco2_350_amb_370,single_cell,ratio,ambient_co2,0,,Table 3,0,"element='Zn concentration (µg/g)'->zn | tissue='whole plant'->above_ground | species='Quercus myrtifolia' | CO2->eco2_350_amb_370 | lvl_suffix=[] tp_suffix=[] | T_desc='Elevated CO2 (ambient + 350 µL/L, ~720 ppm)' C_desc='Ambient CO2 (~370 ppm)' | unit='µg/g' | src='Table 3' || NOTE: species='Quercus myrtifolia' ; CO2 e=350 a=370",ai-decode-v3
034_Johnson_1997__ai__60,ai,034_Johnson_1997,mineral_concentration,na,zn,above_ground,both_species_combined,pooled,pooled,ratio,ambient_co2,0.057143,,Table 3,0,"element='Zn concentration (µg/g)'->zn | tissue='whole plant'->above_ground | species='Both species combined' [pooled] | CO2->pooled | lvl_suffix=[] tp_suffix=[] | T_desc='Elevated CO2 (ambient + 350 µL/L, ~720 ppm)' C_desc='Ambient CO2 (~370 ppm)' | unit='µg/g' | src='Table 3' || NOTE: species='Both species combined' [pooled] ; CO2 e=350 a=370",ai-decode-v3
034_Johnson_1997__ai__61,ai,034_Johnson_1997,mineral_concentration,na,zn,foliar,both_species_combined,pooled,pooled,ratio,ambient_co2,-0.033898,,Table 3,0,"element='Zn concentration (µg/g)'->zn | tissue='leaf'->foliar | species='Both species combined' [pooled] | CO2->pooled | lvl_suffix=[] tp_suffix=[] | T_desc='Elevated CO2 (ambient + 350 µL/L, ~720 ppm)' C_desc='Ambient CO2 (~370 ppm)' | unit='µg/g' | src='Table 3' || NOTE: species='Both species combined' [pooled] ; CO2 e=350 a=370",ai-decode-v3
034_Johnson_1997__ai__62,ai,034_Johnson_1997,mineral_concentration,na,zn,foliar,both_species_combined,pooled,pooled,ratio,ambient_co2,0.3,,Table 3,0,"element='Zn concentration (µg/g)'->zn | tissue='leaf'->foliar | species='Both species combined' [pooled] | CO2->pooled | lvl_suffix=[] tp_suffix=[] | T_desc='Elevated CO2 (ambient + 350 µL/L, ~720 ppm)' C_desc='Ambient CO2 (~370 ppm)' | unit='µg/g' | src='Table 3' || NOTE: species='Both species combined' [pooled] ; CO2 e=350 a=370",ai-decode-v3
034_Johnson_1997__ai__63,ai,034_Johnson_1997,mineral_concentration,na,mn,foliar,quercus_geminata,eco2_350_amb_370,single_cell,ratio,ambient_co2,0.40678,,Table 3,0,"element='Mn concentration (µg/g)'->mn | tissue='leaf'->foliar | species='Quercus geminata' | CO2->eco2_350_amb_370 | lvl_suffix=[] tp_suffix=[] | T_desc='Elevated CO2 (ambient + 350 µL/L, ~720 ppm)' C_desc='Ambient CO2 (~370 ppm)' | unit='µg/g' | src='Table 3' || NOTE: species='Quercus geminata' ; CO2 e=350 a=370",ai-decode-v3
034_Johnson_1997__ai__64,ai,034_Johnson_1997,mineral_concentration,na,mn,foliar,quercus_myrtifolia,eco2_350_amb_370,single_cell,ratio,ambient_co2,0.365079,,Table 3,0,"element='Mn concentration (µg/g)'->mn | tissue='leaf'->foliar | species='Quercus myrtifolia' | CO2->eco2_350_amb_370 | lvl_suffix=[] tp_suffix=[] | T_desc='Elevated CO2 (ambient + 350 µL/L, ~720 ppm)' C_desc='Ambient CO2 (~370 ppm)' | unit='µg/g' | src='Table 3' || NOTE: species='Quercus myrtifolia' ; CO2 e=350 a=370",ai-decode-v3
034_Johnson_1997__ai__65,ai,034_Johnson_1997,mineral_concentration,na,mn,above_ground,quercus_geminata,eco2_350_amb_370,single_cell,ratio,ambient_co2,0,,Table 3,0,"element='Mn concentration (µg/g)'->mn | tissue='shoot'->above_ground | species='Quercus geminata' | CO2->eco2_350_amb_370 | lvl_suffix=[] tp_suffix=[] | T_desc='Elevated CO2 (ambient + 350 µL/L, ~720 ppm)' C_desc='Ambient CO2 (~370 ppm)' | unit='µg/g' | src='Table 3' || NOTE: shoot/stem-class -> above_ground (GT convention) ; species='Quercus geminata' ; CO2 e=350 a=370",ai-decode-v3
034_Johnson_1997__ai__66,ai,034_Johnson_1997,mineral_concentration,na,mn,above_ground,quercus_myrtifolia,eco2_350_amb_370,single_cell,ratio,ambient_co2,0.129032,,Table 3,0,"element='Mn concentration (µg/g)'->mn | tissue='shoot'->above_ground | species='Quercus myrtifolia' | CO2->eco2_350_amb_370 | lvl_suffix=[] tp_suffix=[] | T_desc='Elevated CO2 (ambient + 350 µL/L, ~720 ppm)' C_desc='Ambient CO2 (~370 ppm)' | unit='µg/g' | src='Table 3' || NOTE: shoot/stem-class -> above_ground (GT convention) ; species='Quercus myrtifolia' ; CO2 e=350 a=370",ai-decode-v3
034_Johnson_1997__ai__67,ai,034_Johnson_1997,mineral_concentration,na,mn,above_ground,quercus_geminata,eco2_350_amb_370,single_cell,ratio,ambient_co2,0.192982,,Table 3,0,"element='Mn concentration (µg/g)'->mn | tissue='whole plant'->above_ground | species='Quercus geminata' | CO2->eco2_350_amb_370 | lvl_suffix=[] tp_suffix=[] | T_desc='Elevated CO2 (ambient + 350 µL/L, ~720 ppm)' C_desc='Ambient CO2 (~370 ppm)' | unit='µg/g' | src='Table 3' || NOTE: species='Quercus geminata' ; CO2 e=350 a=370",ai-decode-v3
034_Johnson_1997__ai__68,ai,034_Johnson_1997,mineral_concentration,na,mn,above_ground,quercus_myrtifolia,eco2_350_amb_370,single_cell,ratio,ambient_co2,0.041667,,Table 3,0,"element='Mn concentration (µg/g)'->mn | tissue='whole plant'->above_ground | species='Quercus myrtifolia' | CO2->eco2_350_amb_370 | lvl_suffix=[] tp_suffix=[] | T_desc='Elevated CO2 (ambient + 350 µL/L, ~720 ppm)' C_desc='Ambient CO2 (~370 ppm)' | unit='µg/g' | src='Table 3' || NOTE: species='Quercus myrtifolia' ; CO2 e=350 a=370",ai-decode-v3
034_Johnson_1997__ai__69,ai,034_Johnson_1997,mineral_concentration,na,mn,above_ground,both_species_combined,pooled,pooled,ratio,ambient_co2,0.125,,Table 3,0,"element='Mn concentration (µg/g)'->mn | tissue='whole plant'->above_ground | species='Both species combined' [pooled] | CO2->pooled | lvl_suffix=[] tp_suffix=[] | T_desc='Elevated CO2 (ambient + 350 µL/L, ~720 ppm)' C_desc='Ambient CO2 (~370 ppm)' | unit='µg/g' | src='Table 3' || NOTE: species='Both species combined' [pooled] ; CO2 e=350 a=370",ai-decode-v3
034_Johnson_1997__ai__70,ai,034_Johnson_1997,mineral_concentration,na,mn,foliar,both_species_combined,pooled,pooled,ratio,ambient_co2,0.530303,,Table 3,0,"element='Mn concentration (µg/g)'->mn | tissue='leaf'->foliar | species='Both species combined' [pooled] | CO2->pooled | lvl_suffix=[] tp_suffix=[] | T_desc='Elevated CO2 (ambient + 350 µL/L, ~720 ppm)' C_desc='Ambient CO2 (~370 ppm)' | unit='µg/g' | src='Table 3' || NOTE: species='Both species combined' [pooled] ; CO2 e=350 a=370",ai-decode-v3
034_Johnson_1997__ai__71,ai,034_Johnson_1997,mineral_concentration,na,mn,foliar,both_species_combined,pooled,pooled,ratio,ambient_co2,0.369863,,Table 3,0,"element='Mn concentration (µg/g)'->mn | tissue='leaf'->foliar | species='Both species combined' [pooled] | CO2->pooled | lvl_suffix=[] tp_suffix=[] | T_desc='Elevated CO2 (ambient + 350 µL/L, ~720 ppm)' C_desc='Ambient CO2 (~370 ppm)' | unit='µg/g' | src='Table 3' || NOTE: species='Both species combined' [pooled] ; CO2 e=350 a=370",ai-decode-v3
034_Johnson_1997__ai__72,ai,034_Johnson_1997,mineral_concentration,na,fe,foliar,quercus_geminata,eco2_350_amb_370,single_cell,ratio,ambient_co2,-0.166667,,Table 3,0,"element='Fe concentration (µg/g)'->fe | tissue='leaf'->foliar | species='Quercus geminata' | CO2->eco2_350_amb_370 | lvl_suffix=[] tp_suffix=[] | T_desc='Elevated CO2 (ambient + 350 µL/L, ~720 ppm)' C_desc='Ambient CO2 (~370 ppm)' | unit='µg/g' | src='Table 3' || NOTE: species='Quercus geminata' ; CO2 e=350 a=370",ai-decode-v3
034_Johnson_1997__ai__73,ai,034_Johnson_1997,mineral_concentration,na,fe,foliar,quercus_myrtifolia,eco2_350_amb_370,single_cell,ratio,ambient_co2,0.37931,,Table 3,0,"element='Fe concentration (µg/g)'->fe | tissue='leaf'->foliar | species='Quercus myrtifolia' | CO2->eco2_350_amb_370 | lvl_suffix=[] tp_suffix=[] | T_desc='Elevated CO2 (ambient + 350 µL/L, ~720 ppm)' C_desc='Ambient CO2 (~370 ppm)' | unit='µg/g' | src='Table 3' || NOTE: species='Quercus myrtifolia' ; CO2 e=350 a=370",ai-decode-v3
034_Johnson_1997__ai__74,ai,034_Johnson_1997,mineral_concentration,na,fe,above_ground,quercus_geminata,eco2_350_amb_370,single_cell,ratio,ambient_co2,0.439024,,Table 3,0,"element='Fe concentration (µg/g)'->fe | tissue='shoot'->above_ground | species='Quercus geminata' | CO2->eco2_350_amb_370 | lvl_suffix=[] tp_suffix=[] | T_desc='Elevated CO2 (ambient + 350 µL/L, ~720 ppm)' C_desc='Ambient CO2 (~370 ppm)' | unit='µg/g' | src='Table 3' || NOTE: shoot/stem-class -> above_ground (GT convention) ; species='Quercus geminata' ; CO2 e=350 a=370",ai-decode-v3
034_Johnson_1997__ai__75,ai,034_Johnson_1997,mineral_concentration,na,fe,above_ground,quercus_myrtifolia,eco2_350_amb_370,single_cell,ratio,ambient_co2,-0.469697,,Table 3,0,"element='Fe concentration (µg/g)'->fe | tissue='shoot'->above_ground | species='Quercus myrtifolia' | CO2->eco2_350_amb_370 | lvl_suffix=[] tp_suffix=[] | T_desc='Elevated CO2 (ambient + 350 µL/L, ~720 ppm)' C_desc='Ambient CO2 (~370 ppm)' | unit='µg/g' | src='Table 3' || NOTE: shoot/stem-class -> above_ground (GT convention) ; species='Quercus myrtifolia' ; CO2 e=350 a=370",ai-decode-v3
034_Johnson_1997__ai__76,ai,034_Johnson_1997,mineral_concentration,na,fe,above_ground,quercus_geminata,eco2_350_amb_370,single_cell,ratio,ambient_co2,0.155556,,Table 3,0,"element='Fe concentration (µg/g)'->fe | tissue='whole plant'->above_ground | species='Quercus geminata' | CO2->eco2_350_amb_370 | lvl_suffix=[] tp_suffix=[] | T_desc='Elevated CO2 (ambient + 350 µL/L, ~720 ppm)' C_desc='Ambient CO2 (~370 ppm)' | unit='µg/g' | src='Table 3' || NOTE: species='Quercus geminata' ; CO2 e=350 a=370",ai-decode-v3
034_Johnson_1997__ai__77,ai,034_Johnson_1997,mineral_concentration,na,fe,above_ground,quercus_myrtifolia,eco2_350_amb_370,single_cell,ratio,ambient_co2,-0.234375,,Table 3,0,"element='Fe concentration (µg/g)'->fe | tissue='whole plant'->above_ground | species='Quercus myrtifolia' | CO2->eco2_350_amb_370 | lvl_suffix=[] tp_suffix=[] | T_desc='Elevated CO2 (ambient + 350 µL/L, ~720 ppm)' C_desc='Ambient CO2 (~370 ppm)' | unit='µg/g' | src='Table 3' || NOTE: species='Quercus myrtifolia' ; CO2 e=350 a=370",ai-decode-v3
034_Johnson_1997__ai__78,ai,034_Johnson_1997,mineral_concentration,na,fe,above_ground,both_species_combined,pooled,pooled,ratio,ambient_co2,-0.105263,,Table 3,0,"element='Fe concentration (µg/g)'->fe | tissue='whole plant'->above_ground | species='Both species combined' [pooled] | CO2->pooled | lvl_suffix=[] tp_suffix=[] | T_desc='Elevated CO2 (ambient + 350 µL/L, ~720 ppm)' C_desc='Ambient CO2 (~370 ppm)' | unit='µg/g' | src='Table 3' || NOTE: species='Both species combined' [pooled] ; CO2 e=350 a=370",ai-decode-v3
034_Johnson_1997__ai__79,ai,034_Johnson_1997,mineral_concentration,na,fe,foliar,both_species_combined,pooled,pooled,ratio,ambient_co2,-0.262857,,Table 3,0,"element='Fe concentration (µg/g)'->fe | tissue='leaf'->foliar | species='Both species combined' [pooled] | CO2->pooled | lvl_suffix=[] tp_suffix=[] | T_desc='Elevated CO2 (ambient + 350 µL/L, ~720 ppm)' C_desc='Ambient CO2 (~370 ppm)' | unit='µg/g' | src='Table 3' || NOTE: species='Both species combined' [pooled] ; CO2 e=350 a=370",ai-decode-v3
034_Johnson_1997__ai__80,ai,034_Johnson_1997,mineral_concentration,na,fe,foliar,both_species_combined,pooled,pooled,ratio,ambient_co2,0.080808,,Table 3,0,"element='Fe concentration (µg/g)'->fe | tissue='leaf'->foliar | species='Both species combined' [pooled] | CO2->pooled | lvl_suffix=[] tp_suffix=[] | T_desc='Elevated CO2 (ambient + 350 µL/L, ~720 ppm)' C_desc='Ambient CO2 (~370 ppm)' | unit='µg/g' | src='Table 3' || NOTE: species='Both species combined' [pooled] ; CO2 e=350 a=370",ai-decode-v3
034_Johnson_1997__ai__81,ai,034_Johnson_1997,mineral_concentration,na,cu,foliar,quercus_geminata,eco2_350_amb_370,single_cell,ratio,ambient_co2,-0.018868,,Table 3,0,"element='Cu concentration (µg/g)'->cu | tissue='leaf'->foliar | species='Quercus geminata' | CO2->eco2_350_amb_370 | lvl_suffix=[] tp_suffix=[] | T_desc='Elevated CO2 (ambient + 350 µL/L, ~720 ppm)' C_desc='Ambient CO2 (~370 ppm)' | unit='µg/g' | src='Table 3' || NOTE: species='Quercus geminata' ; CO2 e=350 a=370",ai-decode-v3
034_Johnson_1997__ai__82,ai,034_Johnson_1997,mineral_concentration,na,cu,foliar,quercus_myrtifolia,eco2_350_amb_370,single_cell,ratio,ambient_co2,0.078431,,Table 3,0,"element='Cu concentration (µg/g)'->cu | tissue='leaf'->foliar | species='Quercus myrtifolia' | CO2->eco2_350_amb_370 | lvl_suffix=[] tp_suffix=[] | T_desc='Elevated CO2 (ambient + 350 µL/L, ~720 ppm)' C_desc='Ambient CO2 (~370 ppm)' | unit='µg/g' | src='Table 3' || NOTE: species='Quercus myrtifolia' ; CO2 e=350 a=370",ai-decode-v3
034_Johnson_1997__ai__83,ai,034_Johnson_1997,mineral_concentration,na,cu,above_ground,quercus_geminata,eco2_350_amb_370,single_cell,ratio,ambient_co2,0.123077,,Table 3,0,"element='Cu concentration (µg/g)'->cu | tissue='shoot'->above_ground | species='Quercus geminata' | CO2->eco2_350_amb_370 | lvl_suffix=[] tp_suffix=[] | T_desc='Elevated CO2 (ambient + 350 µL/L, ~720 ppm)' C_desc='Ambient CO2 (~370 ppm)' | unit='µg/g' | src='Table 3' || NOTE: shoot/stem-class -> above_ground (GT convention) ; species='Quercus geminata' ; CO2 e=350 a=370",ai-decode-v3
034_Johnson_1997__ai__84,ai,034_Johnson_1997,mineral_concentration,na,cu,above_ground,quercus_myrtifolia,eco2_350_amb_370,single_cell,ratio,ambient_co2,0.245614,,Table 3,0,"element='Cu concentration (µg/g)'->cu | tissue='shoot'->above_ground | species='Quercus myrtifolia' | CO2->eco2_350_amb_370 | lvl_suffix=[] tp_suffix=[] | T_desc='Elevated CO2 (ambient + 350 µL/L, ~720 ppm)' C_desc='Ambient CO2 (~370 ppm)' | unit='µg/g' | src='Table 3' || NOTE: shoot/stem-class -> above_ground (GT convention) ; species='Quercus myrtifolia' ; CO2 e=350 a=370",ai-decode-v3
034_Johnson_1997__ai__85,ai,034_Johnson_1997,mineral_concentration,na,cu,above_ground,quercus_geminata,eco2_350_amb_370,single_cell,ratio,ambient_co2,0.015873,,Table 3,0,"element='Cu concentration (µg/g)'->cu | tissue='whole plant'->above_ground | species='Quercus geminata' | CO2->eco2_350_amb_370 | lvl_suffix=[] tp_suffix=[] | T_desc='Elevated CO2 (ambient + 350 µL/L, ~720 ppm)' C_desc='Ambient CO2 (~370 ppm)' | unit='µg/g' | src='Table 3' || NOTE: species='Quercus geminata' ; CO2 e=350 a=370",ai-decode-v3
034_Johnson_1997__ai__86,ai,034_Johnson_1997,mineral_concentration,na,cu,above_ground,quercus_myrtifolia,eco2_350_amb_370,single_cell,ratio,ambient_co2,0.2,,Table 3,0,"element='Cu concentration (µg/g)'->cu | tissue='whole plant'->above_ground | species='Quercus myrtifolia' | CO2->eco2_350_amb_370 | lvl_suffix=[] tp_suffix=[] | T_desc='Elevated CO2 (ambient + 350 µL/L, ~720 ppm)' C_desc='Ambient CO2 (~370 ppm)' | unit='µg/g' | src='Table 3' || NOTE: species='Quercus myrtifolia' ; CO2 e=350 a=370",ai-decode-v3
034_Johnson_1997__ai__87,ai,034_Johnson_1997,mineral_concentration,na,cu,above_ground,both_species_combined,pooled,pooled,ratio,ambient_co2,0.137931,,Table 3,0,"element='Cu concentration (µg/g)'->cu | tissue='whole plant'->above_ground | species='Both species combined' [pooled] | CO2->pooled | lvl_suffix=[] tp_suffix=[] | T_desc='Elevated CO2 (ambient + 350 µL/L, ~720 ppm)' C_desc='Ambient CO2 (~370 ppm)' | unit='µg/g' | src='Table 3' || NOTE: species='Both species combined' [pooled] ; CO2 e=350 a=370",ai-decode-v3
034_Johnson_1997__ai__88,ai,034_Johnson_1997,mineral_concentration,na,cu,foliar,both_species_combined,pooled,pooled,ratio,ambient_co2,-0.631579,,Table 3,0,"element='Cu concentration (µg/g)'->cu | tissue='leaf'->foliar | species='Both species combined' [pooled] | CO2->pooled | lvl_suffix=[] tp_suffix=[] | T_desc='Elevated CO2 (ambient + 350 µL/L, ~720 ppm)' C_desc='Ambient CO2 (~370 ppm)' | unit='µg/g' | src='Table 3' || NOTE: species='Both species combined' [pooled] ; CO2 e=350 a=370",ai-decode-v3
034_Johnson_1997__ai__89,ai,034_Johnson_1997,mineral_concentration,na,cu,foliar,both_species_combined,pooled,pooled,ratio,ambient_co2,0.674419,,Table 3,0,"element='Cu concentration (µg/g)'->cu | tissue='leaf'->foliar | species='Both species combined' [pooled] | CO2->pooled | lvl_suffix=[] tp_suffix=[] | T_desc='Elevated CO2 (ambient + 350 µL/L, ~720 ppm)' C_desc='Ambient CO2 (~370 ppm)' | unit='µg/g' | src='Table 3' || NOTE: species='Both species combined' [pooled] ; CO2 e=350 a=370",ai-decode-v3
034_Johnson_1997__ai__90,ai,034_Johnson_1997,mineral_concentration,na,b,foliar,quercus_geminata,eco2_350_amb_370,single_cell,ratio,ambient_co2,-0.258065,,Table 3,0,"element='B concentration (µg/g)'->b | tissue='leaf'->foliar | species='Quercus geminata' | CO2->eco2_350_amb_370 | lvl_suffix=[] tp_suffix=[] | T_desc='Elevated CO2 (ambient + 350 µL/L, ~720 ppm)' C_desc='Ambient CO2 (~370 ppm)' | unit='µg/g' | src='Table 3' || NOTE: species='Quercus geminata' ; CO2 e=350 a=370",ai-decode-v3
034_Johnson_1997__ai__91,ai,034_Johnson_1997,mineral_concentration,na,b,foliar,quercus_myrtifolia,eco2_350_amb_370,single_cell,ratio,ambient_co2,-0.04,,Table 3,0,"element='B concentration (µg/g)'->b | tissue='leaf'->foliar | species='Quercus myrtifolia' | CO2->eco2_350_amb_370 | lvl_suffix=[] tp_suffix=[] | T_desc='Elevated CO2 (ambient + 350 µL/L, ~720 ppm)' C_desc='Ambient CO2 (~370 ppm)' | unit='µg/g' | src='Table 3' || NOTE: species='Quercus myrtifolia' ; CO2 e=350 a=370",ai-decode-v3
034_Johnson_1997__ai__92,ai,034_Johnson_1997,mineral_concentration,na,b,above_ground,quercus_geminata,eco2_350_amb_370,single_cell,ratio,ambient_co2,0.1,,Table 3,0,"element='B concentration (µg/g)'->b | tissue='shoot'->above_ground | species='Quercus geminata' | CO2->eco2_350_amb_370 | lvl_suffix=[] tp_suffix=[] | T_desc='Elevated CO2 (ambient + 350 µL/L, ~720 ppm)' C_desc='Ambient CO2 (~370 ppm)' | unit='µg/g' | src='Table 3' || NOTE: shoot/stem-class -> above_ground (GT convention) ; species='Quercus geminata' ; CO2 e=350 a=370",ai-decode-v3
034_Johnson_1997__ai__93,ai,034_Johnson_1997,mineral_concentration,na,b,above_ground,quercus_myrtifolia,eco2_350_amb_370,single_cell,ratio,ambient_co2,-0.1,,Table 3,0,"element='B concentration (µg/g)'->b | tissue='shoot'->above_ground | species='Quercus myrtifolia' | CO2->eco2_350_amb_370 | lvl_suffix=[] tp_suffix=[] | T_desc='Elevated CO2 (ambient + 350 µL/L, ~720 ppm)' C_desc='Ambient CO2 (~370 ppm)' | unit='µg/g' | src='Table 3' || NOTE: shoot/stem-class -> above_ground (GT convention) ; species='Quercus myrtifolia' ; CO2 e=350 a=370",ai-decode-v3
034_Johnson_1997__ai__94,ai,034_Johnson_1997,mineral_concentration,na,b,above_ground,quercus_geminata,eco2_350_amb_370,single_cell,ratio,ambient_co2,-0.157895,,Table 3,0,"element='B concentration (µg/g)'->b | tissue='whole plant'->above_ground | species='Quercus geminata' | CO2->eco2_350_amb_370 | lvl_suffix=[] tp_suffix=[] | T_desc='Elevated CO2 (ambient + 350 µL/L, ~720 ppm)' C_desc='Ambient CO2 (~370 ppm)' | unit='µg/g' | src='Table 3' || NOTE: species='Quercus geminata' ; CO2 e=350 a=370",ai-decode-v3
034_Johnson_1997__ai__95,ai,034_Johnson_1997,mineral_concentration,na,b,above_ground,quercus_myrtifolia,eco2_350_amb_370,single_cell,ratio,ambient_co2,-0.133333,,Table 3,0,"element='B concentration (µg/g)'->b | tissue='whole plant'->above_ground | species='Quercus myrtifolia' | CO2->eco2_350_amb_370 | lvl_suffix=[] tp_suffix=[] | T_desc='Elevated CO2 (ambient + 350 µL/L, ~720 ppm)' C_desc='Ambient CO2 (~370 ppm)' | unit='µg/g' | src='Table 3' || NOTE: species='Quercus myrtifolia' ; CO2 e=350 a=370",ai-decode-v3
034_Johnson_1997__ai__96,ai,034_Johnson_1997,mineral_concentration,na,b,above_ground,both_species_combined,pooled,pooled,ratio,ambient_co2,-0.176471,,Table 3,0,"element='B concentration (µg/g)'->b | tissue='whole plant'->above_ground | species='Both species combined' [pooled] | CO2->pooled | lvl_suffix=[] tp_suffix=[] | T_desc='Elevated CO2 (ambient + 350 µL/L, ~720 ppm)' C_desc='Ambient CO2 (~370 ppm)' | unit='µg/g' | src='Table 3' || NOTE: species='Both species combined' [pooled] ; CO2 e=350 a=370",ai-decode-v3
034_Johnson_1997__ai__97,ai,034_Johnson_1997,mineral_concentration,na,b,foliar,both_species_combined,pooled,pooled,ratio,ambient_co2,-0.222222,,Table 3,0,"element='B concentration (µg/g)'->b | tissue='leaf'->foliar | species='Both species combined' [pooled] | CO2->pooled | lvl_suffix=[] tp_suffix=[] | T_desc='Elevated CO2 (ambient + 350 µL/L, ~720 ppm)' C_desc='Ambient CO2 (~370 ppm)' | unit='µg/g' | src='Table 3' || NOTE: species='Both species combined' [pooled] ; CO2 e=350 a=370",ai-decode-v3
034_Johnson_1997__ai__98,ai,034_Johnson_1997,mineral_concentration,na,b,foliar,both_species_combined,pooled,pooled,ratio,ambient_co2,-0.176471,,Table 3,0,"element='B concentration (µg/g)'->b | tissue='leaf'->foliar | species='Both species combined' [pooled] | CO2->pooled | lvl_suffix=[] tp_suffix=[] | T_desc='Elevated CO2 (ambient + 350 µL/L, ~720 ppm)' C_desc='Ambient CO2 (~370 ppm)' | unit='µg/g' | src='Table 3' || NOTE: species='Both species combined' [pooled] ; CO2 e=350 a=370",ai-decode-v3
034_Johnson_1997__ai__99,ai,034_Johnson_1997,mineral_concentration,na,n,foliar,quercus_geminata,eco2_350_amb_365,single_cell,ratio,ambient_co2,-0.088496,,Table 3,0,element='N'->n | tissue='Foliage - Quercus geminata'->foliar | species='Quercus geminata' | CO2->eco2_350_amb_365 | lvl_suffix=[] tp_suffix=[] | T_desc='Elevated CO2 (ambient + 350 µL/L)' C_desc='Ambient CO2' | unit='%' | src='Table 3' || NOTE: species='Quercus geminata' ; CO2 e=350 a=365,ai-decode-v3
034_Johnson_1997__ai__100,ai,034_Johnson_1997,mineral_concentration,na,p,foliar,quercus_geminata,eco2_350_amb_365,single_cell,ratio,ambient_co2,-0.15,,Table 3,0,element='P'->p | tissue='Foliage - Quercus geminata'->foliar | species='Quercus geminata' | CO2->eco2_350_amb_365 | lvl_suffix=[] tp_suffix=[] | T_desc='Elevated CO2 (ambient + 350 µL/L)' C_desc='Ambient CO2' | unit='%' | src='Table 3' || NOTE: species='Quercus geminata' ; CO2 e=350 a=365,ai-decode-v3
034_Johnson_1997__ai__101,ai,034_Johnson_1997,mineral_concentration,na,k,foliar,quercus_geminata,eco2_350_amb_365,single_cell,ratio,ambient_co2,0.040816,,Table 3,0,element='K'->k | tissue='Foliage - Quercus geminata'->foliar | species='Quercus geminata' | CO2->eco2_350_amb_365 | lvl_suffix=[] tp_suffix=[] | T_desc='Elevated CO2 (ambient + 350 µL/L)' C_desc='Ambient CO2' | unit='%' | src='Table 3' || NOTE: species='Quercus geminata' ; CO2 e=350 a=365,ai-decode-v3
034_Johnson_1997__ai__102,ai,034_Johnson_1997,mineral_concentration,na,ca,foliar,quercus_geminata,eco2_350_amb_365,single_cell,ratio,ambient_co2,-0.2,,Table 3,0,element='Ca'->ca | tissue='Foliage - Quercus geminata'->foliar | species='Quercus geminata' | CO2->eco2_350_amb_365 | lvl_suffix=[] tp_suffix=[] | T_desc='Elevated CO2 (ambient + 350 µL/L)' C_desc='Ambient CO2' | unit='%' | src='Table 3' || NOTE: species='Quercus geminata' ; CO2 e=350 a=365,ai-decode-v3
034_Johnson_1997__ai__103,ai,034_Johnson_1997,mineral_concentration,na,mg,foliar,quercus_geminata,eco2_350_amb_365,single_cell,ratio,ambient_co2,-0.114286,,Table 3,0,element='Mg'->mg | tissue='Foliage - Quercus geminata'->foliar | species='Quercus geminata' | CO2->eco2_350_amb_365 | lvl_suffix=[] tp_suffix=[] | T_desc='Elevated CO2 (ambient + 350 µL/L)' C_desc='Ambient CO2' | unit='%' | src='Table 3' || NOTE: species='Quercus geminata' ; CO2 e=350 a=365,ai-decode-v3
034_Johnson_1997__ai__104,ai,034_Johnson_1997,mineral_concentration,na,s,foliar,quercus_geminata,eco2_350_amb_365,single_cell,ratio,ambient_co2,-0.08542,,Table 3,0,element='S'->s | tissue='Foliage - Quercus geminata'->foliar | species='Quercus geminata' | CO2->eco2_350_amb_365 | lvl_suffix=[] tp_suffix=[] | T_desc='Elevated CO2 (ambient + 350 µL/L)' C_desc='Ambient CO2' | unit='µg/g' | src='Table 3' || NOTE: species='Quercus geminata' ; CO2 e=350 a=365,ai-decode-v3
034_Johnson_1997__ai__105,ai,034_Johnson_1997,mineral_concentration,na,zn,foliar,quercus_geminata,eco2_350_amb_365,single_cell,ratio,ambient_co2,0.083333,,Table 3,0,element='Zn'->zn | tissue='Foliage - Quercus geminata'->foliar | species='Quercus geminata' | CO2->eco2_350_amb_365 | lvl_suffix=[] tp_suffix=[] | T_desc='Elevated CO2 (ambient + 350 µL/L)' C_desc='Ambient CO2' | unit='µg/g' | src='Table 3' || NOTE: species='Quercus geminata' ; CO2 e=350 a=365,ai-decode-v3
034_Johnson_1997__ai__106,ai,034_Johnson_1997,mineral_concentration,na,mn,foliar,quercus_geminata,eco2_350_amb_365,single_cell,ratio,ambient_co2,0.40678,,Table 3,0,element='Mn'->mn | tissue='Foliage - Quercus geminata'->foliar | species='Quercus geminata' | CO2->eco2_350_amb_365 | lvl_suffix=[] tp_suffix=[] | T_desc='Elevated CO2 (ambient + 350 µL/L)' C_desc='Ambient CO2' | unit='µg/g' | src='Table 3' || NOTE: species='Quercus geminata' ; CO2 e=350 a=365,ai-decode-v3
034_Johnson_1997__ai__107,ai,034_Johnson_1997,mineral_concentration,na,fe,foliar,quercus_geminata,eco2_350_amb_365,single_cell,ratio,ambient_co2,-0.166667,,Table 3,0,element='Fe'->fe | tissue='Foliage - Quercus geminata'->foliar | species='Quercus geminata' | CO2->eco2_350_amb_365 | lvl_suffix=[] tp_suffix=[] | T_desc='Elevated CO2 (ambient + 350 µL/L)' C_desc='Ambient CO2' | unit='µg/g' | src='Table 3' || NOTE: species='Quercus geminata' ; CO2 e=350 a=365,ai-decode-v3
034_Johnson_1997__ai__108,ai,034_Johnson_1997,mineral_concentration,na,cu,foliar,quercus_geminata,eco2_350_amb_365,single_cell,ratio,ambient_co2,-0.018868,,Table 3,0,element='Cu'->cu | tissue='Foliage - Quercus geminata'->foliar | species='Quercus geminata' | CO2->eco2_350_amb_365 | lvl_suffix=[] tp_suffix=[] | T_desc='Elevated CO2 (ambient + 350 µL/L)' C_desc='Ambient CO2' | unit='µg/g' | src='Table 3' || NOTE: species='Quercus geminata' ; CO2 e=350 a=365,ai-decode-v3
034_Johnson_1997__ai__109,ai,034_Johnson_1997,mineral_concentration,na,b,foliar,quercus_geminata,eco2_350_amb_365,single_cell,ratio,ambient_co2,-0.193548,,Table 3,0,element='B'->b | tissue='Foliage - Quercus geminata'->foliar | species='Quercus geminata' | CO2->eco2_350_amb_365 | lvl_suffix=[] tp_suffix=[] | T_desc='Elevated CO2 (ambient + 350 µL/L)' C_desc='Ambient CO2' | unit='µg/g' | src='Table 3' || NOTE: species='Quercus geminata' ; CO2 e=350 a=365,ai-decode-v3
034_Johnson_1997__ai__110,ai,034_Johnson_1997,mineral_concentration,na,n,foliar,quercus_myrtifolia,eco2_350_amb_365,single_cell,ratio,ambient_co2,-0.120968,,Table 3,0,element='N'->n | tissue='Foliage - Quercus myrtifolia'->foliar | species='Quercus myrtifolia' | CO2->eco2_350_amb_365 | lvl_suffix=[] tp_suffix=[] | T_desc='Elevated CO2 (ambient + 350 µL/L)' C_desc='Ambient CO2' | unit='%' | src='Table 3' || NOTE: species='Quercus myrtifolia' ; CO2 e=350 a=365,ai-decode-v3
034_Johnson_1997__ai__111,ai,034_Johnson_1997,mineral_concentration,na,p,foliar,quercus_myrtifolia,eco2_350_amb_365,single_cell,ratio,ambient_co2,0,,Table 3,0,element='P'->p | tissue='Foliage - Quercus myrtifolia'->foliar | species='Quercus myrtifolia' | CO2->eco2_350_amb_365 | lvl_suffix=[] tp_suffix=[] | T_desc='Elevated CO2 (ambient + 350 µL/L)' C_desc='Ambient CO2' | unit='%' | src='Table 3' || NOTE: species='Quercus myrtifolia' ; CO2 e=350 a=365,ai-decode-v3
034_Johnson_1997__ai__112,ai,034_Johnson_1997,mineral_concentration,na,k,foliar,quercus_myrtifolia,eco2_350_amb_365,single_cell,ratio,ambient_co2,0,,Table 3,0,element='K'->k | tissue='Foliage - Quercus myrtifolia'->foliar | species='Quercus myrtifolia' | CO2->eco2_350_amb_365 | lvl_suffix=[] tp_suffix=[] | T_desc='Elevated CO2 (ambient + 350 µL/L)' C_desc='Ambient CO2' | unit='%' | src='Table 3' || NOTE: species='Quercus myrtifolia' ; CO2 e=350 a=365,ai-decode-v3
034_Johnson_1997__ai__113,ai,034_Johnson_1997,mineral_concentration,na,ca,foliar,quercus_myrtifolia,eco2_350_amb_365,single_cell,ratio,ambient_co2,-0.142857,,Table 3,0,element='Ca'->ca | tissue='Foliage - Quercus myrtifolia'->foliar | species='Quercus myrtifolia' | CO2->eco2_350_amb_365 | lvl_suffix=[] tp_suffix=[] | T_desc='Elevated CO2 (ambient + 350 µL/L)' C_desc='Ambient CO2' | unit='%' | src='Table 3' || NOTE: species='Quercus myrtifolia' ; CO2 e=350 a=365,ai-decode-v3
034_Johnson_1997__ai__114,ai,034_Johnson_1997,mineral_concentration,na,mg,foliar,quercus_myrtifolia,eco2_350_amb_365,single_cell,ratio,ambient_co2,0,,Table 3,0,element='Mg'->mg | tissue='Foliage - Quercus myrtifolia'->foliar | species='Quercus myrtifolia' | CO2->eco2_350_amb_365 | lvl_suffix=[] tp_suffix=[] | T_desc='Elevated CO2 (ambient + 350 µL/L)' C_desc='Ambient CO2' | unit='%' | src='Table 3' || NOTE: species='Quercus myrtifolia' ; CO2 e=350 a=365,ai-decode-v3
034_Johnson_1997__ai__115,ai,034_Johnson_1997,mineral_concentration,na,s,foliar,quercus_myrtifolia,eco2_350_amb_365,single_cell,ratio,ambient_co2,-0.24,,Table 3,0,element='S'->s | tissue='Foliage - Quercus myrtifolia'->foliar | species='Quercus myrtifolia' | CO2->eco2_350_amb_365 | lvl_suffix=[] tp_suffix=[] | T_desc='Elevated CO2 (ambient + 350 µL/L)' C_desc='Ambient CO2' | unit='µg/g' | src='Table 3' || NOTE: species='Quercus myrtifolia' ; CO2 e=350 a=365,ai-decode-v3
034_Johnson_1997__ai__116,ai,034_Johnson_1997,mineral_concentration,na,zn,foliar,quercus_myrtifolia,eco2_350_amb_365,single_cell,ratio,ambient_co2,0,,Table 3,0,element='Zn'->zn | tissue='Foliage - Quercus myrtifolia'->foliar | species='Quercus myrtifolia' | CO2->eco2_350_amb_365 | lvl_suffix=[] tp_suffix=[] | T_desc='Elevated CO2 (ambient + 350 µL/L)' C_desc='Ambient CO2' | unit='µg/g' | src='Table 3' || NOTE: species='Quercus myrtifolia' ; CO2 e=350 a=365,ai-decode-v3
034_Johnson_1997__ai__117,ai,034_Johnson_1997,mineral_concentration,na,mn,foliar,quercus_myrtifolia,eco2_350_amb_365,single_cell,ratio,ambient_co2,0.269841,,Table 3,0,element='Mn'->mn | tissue='Foliage - Quercus myrtifolia'->foliar | species='Quercus myrtifolia' | CO2->eco2_350_amb_365 | lvl_suffix=[] tp_suffix=[] | T_desc='Elevated CO2 (ambient + 350 µL/L)' C_desc='Ambient CO2' | unit='µg/g' | src='Table 3' || NOTE: species='Quercus myrtifolia' ; CO2 e=350 a=365,ai-decode-v3
034_Johnson_1997__ai__118,ai,034_Johnson_1997,mineral_concentration,na,fe,foliar,quercus_myrtifolia,eco2_350_amb_365,single_cell,ratio,ambient_co2,0.37931,,Table 3,0,element='Fe'->fe | tissue='Foliage - Quercus myrtifolia'->foliar | species='Quercus myrtifolia' | CO2->eco2_350_amb_365 | lvl_suffix=[] tp_suffix=[] | T_desc='Elevated CO2 (ambient + 350 µL/L)' C_desc='Ambient CO2' | unit='µg/g' | src='Table 3' || NOTE: species='Quercus myrtifolia' ; CO2 e=350 a=365,ai-decode-v3
034_Johnson_1997__ai__119,ai,034_Johnson_1997,mineral_concentration,na,cu,foliar,quercus_myrtifolia,eco2_350_amb_365,single_cell,ratio,ambient_co2,0.078431,,Table 3,0,element='Cu'->cu | tissue='Foliage - Quercus myrtifolia'->foliar | species='Quercus myrtifolia' | CO2->eco2_350_amb_365 | lvl_suffix=[] tp_suffix=[] | T_desc='Elevated CO2 (ambient + 350 µL/L)' C_desc='Ambient CO2' | unit='µg/g' | src='Table 3' || NOTE: species='Quercus myrtifolia' ; CO2 e=350 a=365,ai-decode-v3
034_Johnson_1997__ai__120,ai,034_Johnson_1997,mineral_concentration,na,b,foliar,quercus_myrtifolia,eco2_350_amb_365,single_cell,ratio,ambient_co2,-0.04,,Table 3,0,element='B'->b | tissue='Foliage - Quercus myrtifolia'->foliar | species='Quercus myrtifolia' | CO2->eco2_350_amb_365 | lvl_suffix=[] tp_suffix=[] | T_desc='Elevated CO2 (ambient + 350 µL/L)' C_desc='Ambient CO2' | unit='µg/g' | src='Table 3' || NOTE: species='Quercus myrtifolia' ; CO2 e=350 a=365,ai-decode-v3
034_Johnson_1997__ai__121,ai,034_Johnson_1997,mineral_concentration,na,n,above_ground,quercus_geminata,eco2_350_amb_365,single_cell,ratio,ambient_co2,-0.178571,,Table 3,0,element='N'->n | tissue='Stem - Quercus geminata'->above_ground | species='Quercus geminata' | CO2->eco2_350_amb_365 | lvl_suffix=[] tp_suffix=[] | T_desc='Elevated CO2 (ambient + 350 µL/L)' C_desc='Ambient CO2' | unit='%' | src='Table 3' || NOTE: shoot/stem-class -> above_ground (GT convention) ; species='Quercus geminata' ; CO2 e=350 a=365,ai-decode-v3
034_Johnson_1997__ai__122,ai,034_Johnson_1997,mineral_concentration,na,p,above_ground,quercus_geminata,eco2_350_amb_365,single_cell,ratio,ambient_co2,-0.125,,Table 3,0,element='P'->p | tissue='Stem - Quercus geminata'->above_ground | species='Quercus geminata' | CO2->eco2_350_amb_365 | lvl_suffix=[] tp_suffix=[] | T_desc='Elevated CO2 (ambient + 350 µL/L)' C_desc='Ambient CO2' | unit='%' | src='Table 3' || NOTE: shoot/stem-class -> above_ground (GT convention) ; species='Quercus geminata' ; CO2 e=350 a=365,ai-decode-v3
034_Johnson_1997__ai__123,ai,034_Johnson_1997,mineral_concentration,na,k,above_ground,quercus_geminata,eco2_350_amb_365,single_cell,ratio,ambient_co2,0.09375,,Table 3,0,element='K'->k | tissue='Stem - Quercus geminata'->above_ground | species='Quercus geminata' | CO2->eco2_350_amb_365 | lvl_suffix=[] tp_suffix=[] | T_desc='Elevated CO2 (ambient + 350 µL/L)' C_desc='Ambient CO2' | unit='%' | src='Table 3' || NOTE: shoot/stem-class -> above_ground (GT convention) ; species='Quercus geminata' ; CO2 e=350 a=365,ai-decode-v3
034_Johnson_1997__ai__124,ai,034_Johnson_1997,mineral_concentration,na,ca,above_ground,quercus_geminata,eco2_350_amb_365,single_cell,ratio,ambient_co2,-0.266667,,Table 3,0,element='Ca'->ca | tissue='Stem - Quercus geminata'->above_ground | species='Quercus geminata' | CO2->eco2_350_amb_365 | lvl_suffix=[] tp_suffix=[] | T_desc='Elevated CO2 (ambient + 350 µL/L)' C_desc='Ambient CO2' | unit='%' | src='Table 3' || NOTE: shoot/stem-class -> above_ground (GT convention) ; species='Quercus geminata' ; CO2 e=350 a=365,ai-decode-v3
034_Johnson_1997__ai__125,ai,034_Johnson_1997,mineral_concentration,na,mg,above_ground,quercus_geminata,eco2_350_amb_365,single_cell,ratio,ambient_co2,0.346154,,Table 3,0,element='Mg'->mg | tissue='Stem - Quercus geminata'->above_ground | species='Quercus geminata' | CO2->eco2_350_amb_365 | lvl_suffix=[] tp_suffix=[] | T_desc='Elevated CO2 (ambient + 350 µL/L)' C_desc='Ambient CO2' | unit='%' | src='Table 3' || NOTE: shoot/stem-class -> above_ground (GT convention) ; species='Quercus geminata' ; CO2 e=350 a=365,ai-decode-v3
034_Johnson_1997__ai__126,ai,034_Johnson_1997,mineral_concentration,na,s,above_ground,quercus_geminata,eco2_350_amb_365,single_cell,ratio,ambient_co2,-0.069869,,Table 3,0,element='S'->s | tissue='Stem - Quercus geminata'->above_ground | species='Quercus geminata' | CO2->eco2_350_amb_365 | lvl_suffix=[] tp_suffix=[] | T_desc='Elevated CO2 (ambient + 350 µL/L)' C_desc='Ambient CO2' | unit='µg/g' | src='Table 3' || NOTE: shoot/stem-class -> above_ground (GT convention) ; species='Quercus geminata' ; CO2 e=350 a=365,ai-decode-v3
034_Johnson_1997__ai__127,ai,034_Johnson_1997,mineral_concentration,na,zn,above_ground,quercus_geminata,eco2_350_amb_365,single_cell,ratio,ambient_co2,-0.139535,,Table 3,0,element='Zn'->zn | tissue='Stem - Quercus geminata'->above_ground | species='Quercus geminata' | CO2->eco2_350_amb_365 | lvl_suffix=[] tp_suffix=[] | T_desc='Elevated CO2 (ambient + 350 µL/L)' C_desc='Ambient CO2' | unit='µg/g' | src='Table 3' || NOTE: shoot/stem-class -> above_ground (GT convention) ; species='Quercus geminata' ; CO2 e=350 a=365,ai-decode-v3
034_Johnson_1997__ai__128,ai,034_Johnson_1997,mineral_concentration,na,mn,above_ground,quercus_geminata,eco2_350_amb_365,single_cell,ratio,ambient_co2,-0.293103,,Table 3,0,element='Mn'->mn | tissue='Stem - Quercus geminata'->above_ground | species='Quercus geminata' | CO2->eco2_350_amb_365 | lvl_suffix=[] tp_suffix=[] | T_desc='Elevated CO2 (ambient + 350 µL/L)' C_desc='Ambient CO2' | unit='µg/g' | src='Table 3' || NOTE: shoot/stem-class -> above_ground (GT convention) ; species='Quercus geminata' ; CO2 e=350 a=365,ai-decode-v3
034_Johnson_1997__ai__129,ai,034_Johnson_1997,mineral_concentration,na,fe,above_ground,quercus_geminata,eco2_350_amb_365,single_cell,ratio,ambient_co2,0.585366,,Table 3,0,element='Fe'->fe | tissue='Stem - Quercus geminata'->above_ground | species='Quercus geminata' | CO2->eco2_350_amb_365 | lvl_suffix=[] tp_suffix=[] | T_desc='Elevated CO2 (ambient + 350 µL/L)' C_desc='Ambient CO2' | unit='µg/g' | src='Table 3' || NOTE: shoot/stem-class -> above_ground (GT convention) ; species='Quercus geminata' ; CO2 e=350 a=365,ai-decode-v3
034_Johnson_1997__ai__130,ai,034_Johnson_1997,mineral_concentration,na,cu,above_ground,quercus_geminata,eco2_350_amb_365,single_cell,ratio,ambient_co2,-0.169231,,Table 3,0,element='Cu'->cu | tissue='Stem - Quercus geminata'->above_ground | species='Quercus geminata' | CO2->eco2_350_amb_365 | lvl_suffix=[] tp_suffix=[] | T_desc='Elevated CO2 (ambient + 350 µL/L)' C_desc='Ambient CO2' | unit='µg/g' | src='Table 3' || NOTE: shoot/stem-class -> above_ground (GT convention) ; species='Quercus geminata' ; CO2 e=350 a=365,ai-decode-v3
034_Johnson_1997__ai__131,ai,034_Johnson_1997,mineral_concentration,na,b,above_ground,quercus_geminata,eco2_350_amb_365,single_cell,ratio,ambient_co2,0.1,,Table 3,0,element='B'->b | tissue='Stem - Quercus geminata'->above_ground | species='Quercus geminata' | CO2->eco2_350_amb_365 | lvl_suffix=[] tp_suffix=[] | T_desc='Elevated CO2 (ambient + 350 µL/L)' C_desc='Ambient CO2' | unit='µg/g' | src='Table 3' || NOTE: shoot/stem-class -> above_ground (GT convention) ; species='Quercus geminata' ; CO2 e=350 a=365,ai-decode-v3
034_Johnson_1997__ai__132,ai,034_Johnson_1997,mineral_concentration,na,n,above_ground,quercus_myrtifolia,eco2_350_amb_365,single_cell,ratio,ambient_co2,-0.115385,,Table 3,0,element='N'->n | tissue='Stem - Quercus myrtifolia'->above_ground | species='Quercus myrtifolia' | CO2->eco2_350_amb_365 | lvl_suffix=[] tp_suffix=[] | T_desc='Elevated CO2 (ambient + 350 µL/L)' C_desc='Ambient CO2' | unit='%' | src='Table 3' || NOTE: shoot/stem-class -> above_ground (GT convention) ; species='Quercus myrtifolia' ; CO2 e=350 a=365,ai-decode-v3
034_Johnson_1997__ai__133,ai,034_Johnson_1997,mineral_concentration,na,p,above_ground,quercus_myrtifolia,eco2_350_amb_365,single_cell,ratio,ambient_co2,-0.214286,,Table 3,0,element='P'->p | tissue='Stem - Quercus myrtifolia'->above_ground | species='Quercus myrtifolia' | CO2->eco2_350_amb_365 | lvl_suffix=[] tp_suffix=[] | T_desc='Elevated CO2 (ambient + 350 µL/L)' C_desc='Ambient CO2' | unit='%' | src='Table 3' || NOTE: shoot/stem-class -> above_ground (GT convention) ; species='Quercus myrtifolia' ; CO2 e=350 a=365,ai-decode-v3
034_Johnson_1997__ai__134,ai,034_Johnson_1997,mineral_concentration,na,k,above_ground,quercus_myrtifolia,eco2_350_amb_365,single_cell,ratio,ambient_co2,-0.282051,,Table 3,0,element='K'->k | tissue='Stem - Quercus myrtifolia'->above_ground | species='Quercus myrtifolia' | CO2->eco2_350_amb_365 | lvl_suffix=[] tp_suffix=[] | T_desc='Elevated CO2 (ambient + 350 µL/L)' C_desc='Ambient CO2' | unit='%' | src='Table 3' || NOTE: shoot/stem-class -> above_ground (GT convention) ; species='Quercus myrtifolia' ; CO2 e=350 a=365,ai-decode-v3
034_Johnson_1997__ai__135,ai,034_Johnson_1997,mineral_concentration,na,ca,above_ground,quercus_myrtifolia,eco2_350_amb_365,single_cell,ratio,ambient_co2,-0.181818,,Table 3,0,element='Ca'->ca | tissue='Stem - Quercus myrtifolia'->above_ground | species='Quercus myrtifolia' | CO2->eco2_350_amb_365 | lvl_suffix=[] tp_suffix=[] | T_desc='Elevated CO2 (ambient + 350 µL/L)' C_desc='Ambient CO2' | unit='%' | src='Table 3' || NOTE: shoot/stem-class -> above_ground (GT convention) ; species='Quercus myrtifolia' ; CO2 e=350 a=365,ai-decode-v3
034_Johnson_1997__ai__136,ai,034_Johnson_1997,mineral_concentration,na,mg,above_ground,quercus_myrtifolia,eco2_350_amb_365,single_cell,ratio,ambient_co2,0.036585,,Table 3,0,element='Mg'->mg | tissue='Stem - Quercus myrtifolia'->above_ground | species='Quercus myrtifolia' | CO2->eco2_350_amb_365 | lvl_suffix=[] tp_suffix=[] | T_desc='Elevated CO2 (ambient + 350 µL/L)' C_desc='Ambient CO2' | unit='%' | src='Table 3' || NOTE: shoot/stem-class -> above_ground (GT convention) ; species='Quercus myrtifolia' ; CO2 e=350 a=365,ai-decode-v3
034_Johnson_1997__ai__137,ai,034_Johnson_1997,mineral_concentration,na,s,above_ground,quercus_myrtifolia,eco2_350_amb_365,single_cell,ratio,ambient_co2,-0.124031,,Table 3,0,element='S'->s | tissue='Stem - Quercus myrtifolia'->above_ground | species='Quercus myrtifolia' | CO2->eco2_350_amb_365 | lvl_suffix=[] tp_suffix=[] | T_desc='Elevated CO2 (ambient + 350 µL/L)' C_desc='Ambient CO2' | unit='µg/g' | src='Table 3' || NOTE: shoot/stem-class -> above_ground (GT convention) ; species='Quercus myrtifolia' ; CO2 e=350 a=365,ai-decode-v3
034_Johnson_1997__ai__138,ai,034_Johnson_1997,mineral_concentration,na,zn,above_ground,quercus_myrtifolia,eco2_350_amb_365,single_cell,ratio,ambient_co2,0,,Table 3,0,element='Zn'->zn | tissue='Stem - Quercus myrtifolia'->above_ground | species='Quercus myrtifolia' | CO2->eco2_350_amb_365 | lvl_suffix=[] tp_suffix=[] | T_desc='Elevated CO2 (ambient + 350 µL/L)' C_desc='Ambient CO2' | unit='µg/g' | src='Table 3' || NOTE: shoot/stem-class -> above_ground (GT convention) ; species='Quercus myrtifolia' ; CO2 e=350 a=365,ai-decode-v3
034_Johnson_1997__ai__139,ai,034_Johnson_1997,mineral_concentration,na,mn,above_ground,quercus_myrtifolia,eco2_350_amb_365,single_cell,ratio,ambient_co2,0,,Table 3,0,element='Mn'->mn | tissue='Stem - Quercus myrtifolia'->above_ground | species='Quercus myrtifolia' | CO2->eco2_350_amb_365 | lvl_suffix=[] tp_suffix=[] | T_desc='Elevated CO2 (ambient + 350 µL/L)' C_desc='Ambient CO2' | unit='µg/g' | src='Table 3' || NOTE: shoot/stem-class -> above_ground (GT convention) ; species='Quercus myrtifolia' ; CO2 e=350 a=365,ai-decode-v3
034_Johnson_1997__ai__140,ai,034_Johnson_1997,mineral_concentration,na,fe,above_ground,quercus_myrtifolia,eco2_350_amb_365,single_cell,ratio,ambient_co2,0.0625,,Table 3,0,element='Fe'->fe | tissue='Stem - Quercus myrtifolia'->above_ground | species='Quercus myrtifolia' | CO2->eco2_350_amb_365 | lvl_suffix=[] tp_suffix=[] | T_desc='Elevated CO2 (ambient + 350 µL/L)' C_desc='Ambient CO2' | unit='µg/g' | src='Table 3' || NOTE: shoot/stem-class -> above_ground (GT convention) ; species='Quercus myrtifolia' ; CO2 e=350 a=365,ai-decode-v3
034_Johnson_1997__ai__141,ai,034_Johnson_1997,mineral_concentration,na,cu,above_ground,quercus_myrtifolia,eco2_350_amb_365,single_cell,ratio,ambient_co2,0.245614,,Table 3,0,element='Cu'->cu | tissue='Stem - Quercus myrtifolia'->above_ground | species='Quercus myrtifolia' | CO2->eco2_350_amb_365 | lvl_suffix=[] tp_suffix=[] | T_desc='Elevated CO2 (ambient + 350 µL/L)' C_desc='Ambient CO2' | unit='µg/g' | src='Table 3' || NOTE: shoot/stem-class -> above_ground (GT convention) ; species='Quercus myrtifolia' ; CO2 e=350 a=365,ai-decode-v3
034_Johnson_1997__ai__142,ai,034_Johnson_1997,mineral_concentration,na,b,above_ground,quercus_myrtifolia,eco2_350_amb_365,single_cell,ratio,ambient_co2,-0.1,,Table 3,0,element='B'->b | tissue='Stem - Quercus myrtifolia'->above_ground | species='Quercus myrtifolia' | CO2->eco2_350_amb_365 | lvl_suffix=[] tp_suffix=[] | T_desc='Elevated CO2 (ambient + 350 µL/L)' C_desc='Ambient CO2' | unit='µg/g' | src='Table 3' || NOTE: shoot/stem-class -> above_ground (GT convention) ; species='Quercus myrtifolia' ; CO2 e=350 a=365,ai-decode-v3
034_Johnson_1997__ai__143,ai,034_Johnson_1997,mineral_concentration,na,n,above_ground,quercus_geminata,eco2_350_amb_365,single_cell,ratio,ambient_co2,-0.088608,,Table 3,0,element='N'->n | tissue='Weighted mean - Quercus geminata'->above_ground | species='Quercus geminata' | CO2->eco2_350_amb_365 | lvl_suffix=[] tp_suffix=[] | T_desc='Elevated CO2 (ambient + 350 µL/L)' C_desc='Ambient CO2' | unit='%' | src='Table 3' || NOTE: species='Quercus geminata' ; CO2 e=350 a=365,ai-decode-v3
034_Johnson_1997__ai__144,ai,034_Johnson_1997,mineral_concentration,na,p,above_ground,quercus_geminata,eco2_350_amb_365,single_cell,ratio,ambient_co2,-0.166667,,Table 3,0,element='P'->p | tissue='Weighted mean - Quercus geminata'->above_ground | species='Quercus geminata' | CO2->eco2_350_amb_365 | lvl_suffix=[] tp_suffix=[] | T_desc='Elevated CO2 (ambient + 350 µL/L)' C_desc='Ambient CO2' | unit='%' | src='Table 3' || NOTE: species='Quercus geminata' ; CO2 e=350 a=365,ai-decode-v3
034_Johnson_1997__ai__145,ai,034_Johnson_1997,mineral_concentration,na,k,above_ground,quercus_geminata,eco2_350_amb_365,single_cell,ratio,ambient_co2,0.128205,,Table 3,0,element='K'->k | tissue='Weighted mean - Quercus geminata'->above_ground | species='Quercus geminata' | CO2->eco2_350_amb_365 | lvl_suffix=[] tp_suffix=[] | T_desc='Elevated CO2 (ambient + 350 µL/L)' C_desc='Ambient CO2' | unit='%' | src='Table 3' || NOTE: species='Quercus geminata' ; CO2 e=350 a=365,ai-decode-v3
034_Johnson_1997__ai__146,ai,034_Johnson_1997,mineral_concentration,na,ca,above_ground,quercus_geminata,eco2_350_amb_365,single_cell,ratio,ambient_co2,-0.214286,,Table 3,0,element='Ca'->ca | tissue='Weighted mean - Quercus geminata'->above_ground | species='Quercus geminata' | CO2->eco2_350_amb_365 | lvl_suffix=[] tp_suffix=[] | T_desc='Elevated CO2 (ambient + 350 µL/L)' C_desc='Ambient CO2' | unit='%' | src='Table 3' || NOTE: species='Quercus geminata' ; CO2 e=350 a=365,ai-decode-v3
034_Johnson_1997__ai__147,ai,034_Johnson_1997,mineral_concentration,na,mg,above_ground,quercus_geminata,eco2_350_amb_365,single_cell,ratio,ambient_co2,-0.094118,,Table 3,0,element='Mg'->mg | tissue='Weighted mean - Quercus geminata'->above_ground | species='Quercus geminata' | CO2->eco2_350_amb_365 | lvl_suffix=[] tp_suffix=[] | T_desc='Elevated CO2 (ambient + 350 µL/L)' C_desc='Ambient CO2' | unit='%' | src='Table 3' || NOTE: species='Quercus geminata' ; CO2 e=350 a=365,ai-decode-v3
034_Johnson_1997__ai__148,ai,034_Johnson_1997,mineral_concentration,na,s,above_ground,quercus_geminata,eco2_350_amb_365,single_cell,ratio,ambient_co2,-0.187805,,Table 3,0,element='S'->s | tissue='Weighted mean - Quercus geminata'->above_ground | species='Quercus geminata' | CO2->eco2_350_amb_365 | lvl_suffix=[] tp_suffix=[] | T_desc='Elevated CO2 (ambient + 350 µL/L)' C_desc='Ambient CO2' | unit='µg/g' | src='Table 3' || NOTE: species='Quercus geminata' ; CO2 e=350 a=365,ai-decode-v3
034_Johnson_1997__ai__149,ai,034_Johnson_1997,mineral_concentration,na,zn,above_ground,quercus_geminata,eco2_350_amb_365,single_cell,ratio,ambient_co2,0.060606,,Table 3,0,element='Zn'->zn | tissue='Weighted mean - Quercus geminata'->above_ground | species='Quercus geminata' | CO2->eco2_350_amb_365 | lvl_suffix=[] tp_suffix=[] | T_desc='Elevated CO2 (ambient + 350 µL/L)' C_desc='Ambient CO2' | unit='µg/g' | src='Table 3' || NOTE: species='Quercus geminata' ; CO2 e=350 a=365,ai-decode-v3
034_Johnson_1997__ai__150,ai,034_Johnson_1997,mineral_concentration,na,mn,above_ground,quercus_geminata,eco2_350_amb_365,single_cell,ratio,ambient_co2,0.192982,,Table 3,0,element='Mn'->mn | tissue='Weighted mean - Quercus geminata'->above_ground | species='Quercus geminata' | CO2->eco2_350_amb_365 | lvl_suffix=[] tp_suffix=[] | T_desc='Elevated CO2 (ambient + 350 µL/L)' C_desc='Ambient CO2' | unit='µg/g' | src='Table 3' || NOTE: species='Quercus geminata' ; CO2 e=350 a=365,ai-decode-v3
034_Johnson_1997__ai__151,ai,034_Johnson_1997,mineral_concentration,na,fe,above_ground,quercus_geminata,eco2_350_amb_365,single_cell,ratio,ambient_co2,0.266667,,Table 3,0,element='Fe'->fe | tissue='Weighted mean - Quercus geminata'->above_ground | species='Quercus geminata' | CO2->eco2_350_amb_365 | lvl_suffix=[] tp_suffix=[] | T_desc='Elevated CO2 (ambient + 350 µL/L)' C_desc='Ambient CO2' | unit='µg/g' | src='Table 3' || NOTE: species='Quercus geminata' ; CO2 e=350 a=365,ai-decode-v3
034_Johnson_1997__ai__152,ai,034_Johnson_1997,mineral_concentration,na,cu,above_ground,quercus_geminata,eco2_350_amb_365,single_cell,ratio,ambient_co2,-0.15873,,Table 3,0,element='Cu'->cu | tissue='Weighted mean - Quercus geminata'->above_ground | species='Quercus geminata' | CO2->eco2_350_amb_365 | lvl_suffix=[] tp_suffix=[] | T_desc='Elevated CO2 (ambient + 350 µL/L)' C_desc='Ambient CO2' | unit='µg/g' | src='Table 3' || NOTE: species='Quercus geminata' ; CO2 e=350 a=365,ai-decode-v3
034_Johnson_1997__ai__153,ai,034_Johnson_1997,mineral_concentration,na,b,above_ground,quercus_geminata,eco2_350_amb_365,single_cell,ratio,ambient_co2,0,,Table 3,0,element='B'->b | tissue='Weighted mean - Quercus geminata'->above_ground | species='Quercus geminata' | CO2->eco2_350_amb_365 | lvl_suffix=[] tp_suffix=[] | T_desc='Elevated CO2 (ambient + 350 µL/L)' C_desc='Ambient CO2' | unit='µg/g' | src='Table 3' || NOTE: species='Quercus geminata' ; CO2 e=350 a=365,ai-decode-v3
034_Johnson_1997__ai__154,ai,034_Johnson_1997,mineral_concentration,na,n,above_ground,quercus_myrtifolia,eco2_350_amb_365,single_cell,ratio,ambient_co2,-0.202703,,Table 3,0,element='N'->n | tissue='Weighted mean - Quercus myrtifolia'->above_ground | species='Quercus myrtifolia' | CO2->eco2_350_amb_365 | lvl_suffix=[] tp_suffix=[] | T_desc='Elevated CO2 (ambient + 350 µL/L)' C_desc='Ambient CO2' | unit='%' | src='Table 3' || NOTE: species='Quercus myrtifolia' ; CO2 e=350 a=365,ai-decode-v3
034_Johnson_1997__ai__155,ai,034_Johnson_1997,mineral_concentration,na,p,above_ground,quercus_myrtifolia,eco2_350_amb_365,single_cell,ratio,ambient_co2,0,,Table 3,0,element='P'->p | tissue='Weighted mean - Quercus myrtifolia'->above_ground | species='Quercus myrtifolia' | CO2->eco2_350_amb_365 | lvl_suffix=[] tp_suffix=[] | T_desc='Elevated CO2 (ambient + 350 µL/L)' C_desc='Ambient CO2' | unit='%' | src='Table 3' || NOTE: species='Quercus myrtifolia' ; CO2 e=350 a=365,ai-decode-v3
034_Johnson_1997__ai__156,ai,034_Johnson_1997,mineral_concentration,na,k,above_ground,quercus_myrtifolia,eco2_350_amb_365,single_cell,ratio,ambient_co2,0,,Table 3,0,element='K'->k | tissue='Weighted mean - Quercus myrtifolia'->above_ground | species='Quercus myrtifolia' | CO2->eco2_350_amb_365 | lvl_suffix=[] tp_suffix=[] | T_desc='Elevated CO2 (ambient + 350 µL/L)' C_desc='Ambient CO2' | unit='%' | src='Table 3' || NOTE: species='Quercus myrtifolia' ; CO2 e=350 a=365,ai-decode-v3
034_Johnson_1997__ai__157,ai,034_Johnson_1997,mineral_concentration,na,ca,above_ground,quercus_myrtifolia,eco2_350_amb_365,single_cell,ratio,ambient_co2,-0.166667,,Table 3,0,element='Ca'->ca | tissue='Weighted mean - Quercus myrtifolia'->above_ground | species='Quercus myrtifolia' | CO2->eco2_350_amb_365 | lvl_suffix=[] tp_suffix=[] | T_desc='Elevated CO2 (ambient + 350 µL/L)' C_desc='Ambient CO2' | unit='%' | src='Table 3' || NOTE: species='Quercus myrtifolia' ; CO2 e=350 a=365,ai-decode-v3
034_Johnson_1997__ai__158,ai,034_Johnson_1997,mineral_concentration,na,mg,above_ground,quercus_myrtifolia,eco2_350_amb_365,single_cell,ratio,ambient_co2,0.013699,,Table 3,0,element='Mg'->mg | tissue='Weighted mean - Quercus myrtifolia'->above_ground | species='Quercus myrtifolia' | CO2->eco2_350_amb_365 | lvl_suffix=[] tp_suffix=[] | T_desc='Elevated CO2 (ambient + 350 µL/L)' C_desc='Ambient CO2' | unit='%' | src='Table 3' || NOTE: species='Quercus myrtifolia' ; CO2 e=350 a=365,ai-decode-v3
034_Johnson_1997__ai__159,ai,034_Johnson_1997,mineral_concentration,na,s,above_ground,quercus_myrtifolia,eco2_350_amb_365,single_cell,ratio,ambient_co2,-0.330986,,Table 3,0,element='S'->s | tissue='Weighted mean - Quercus myrtifolia'->above_ground | species='Quercus myrtifolia' | CO2->eco2_350_amb_365 | lvl_suffix=[] tp_suffix=[] | T_desc='Elevated CO2 (ambient + 350 µL/L)' C_desc='Ambient CO2' | unit='µg/g' | src='Table 3' || NOTE: species='Quercus myrtifolia' ; CO2 e=350 a=365,ai-decode-v3
034_Johnson_1997__ai__160,ai,034_Johnson_1997,mineral_concentration,na,zn,above_ground,quercus_myrtifolia,eco2_350_amb_365,single_cell,ratio,ambient_co2,0,,Table 3,0,element='Zn'->zn | tissue='Weighted mean - Quercus myrtifolia'->above_ground | species='Quercus myrtifolia' | CO2->eco2_350_amb_365 | lvl_suffix=[] tp_suffix=[] | T_desc='Elevated CO2 (ambient + 350 µL/L)' C_desc='Ambient CO2' | unit='µg/g' | src='Table 3' || NOTE: species='Quercus myrtifolia' ; CO2 e=350 a=365,ai-decode-v3
034_Johnson_1997__ai__161,ai,034_Johnson_1997,mineral_concentration,na,mn,above_ground,quercus_myrtifolia,eco2_350_amb_365,single_cell,ratio,ambient_co2,0.041667,,Table 3,0,element='Mn'->mn | tissue='Weighted mean - Quercus myrtifolia'->above_ground | species='Quercus myrtifolia' | CO2->eco2_350_amb_365 | lvl_suffix=[] tp_suffix=[] | T_desc='Elevated CO2 (ambient + 350 µL/L)' C_desc='Ambient CO2' | unit='µg/g' | src='Table 3' || NOTE: species='Quercus myrtifolia' ; CO2 e=350 a=365,ai-decode-v3
034_Johnson_1997__ai__162,ai,034_Johnson_1997,mineral_concentration,na,fe,above_ground,quercus_myrtifolia,eco2_350_amb_365,single_cell,ratio,ambient_co2,0.03125,,Table 3,0,element='Fe'->fe | tissue='Weighted mean - Quercus myrtifolia'->above_ground | species='Quercus myrtifolia' | CO2->eco2_350_amb_365 | lvl_suffix=[] tp_suffix=[] | T_desc='Elevated CO2 (ambient + 350 µL/L)' C_desc='Ambient CO2' | unit='µg/g' | src='Table 3' || NOTE: species='Quercus myrtifolia' ; CO2 e=350 a=365,ai-decode-v3
034_Johnson_1997__ai__163,ai,034_Johnson_1997,mineral_concentration,na,cu,above_ground,quercus_myrtifolia,eco2_350_amb_365,single_cell,ratio,ambient_co2,0.2,,Table 3,0,element='Cu'->cu | tissue='Weighted mean - Quercus myrtifolia'->above_ground | species='Quercus myrtifolia' | CO2->eco2_350_amb_365 | lvl_suffix=[] tp_suffix=[] | T_desc='Elevated CO2 (ambient + 350 µL/L)' C_desc='Ambient CO2' | unit='µg/g' | src='Table 3' || NOTE: species='Quercus myrtifolia' ; CO2 e=350 a=365,ai-decode-v3
034_Johnson_1997__ai__164,ai,034_Johnson_1997,mineral_concentration,na,b,above_ground,quercus_myrtifolia,eco2_350_amb_365,single_cell,ratio,ambient_co2,-0.133333,,Table 3,0,element='B'->b | tissue='Weighted mean - Quercus myrtifolia'->above_ground | species='Quercus myrtifolia' | CO2->eco2_350_amb_365 | lvl_suffix=[] tp_suffix=[] | T_desc='Elevated CO2 (ambient + 350 µL/L)' C_desc='Ambient CO2' | unit='µg/g' | src='Table 3' || NOTE: species='Quercus myrtifolia' ; CO2 e=350 a=365,ai-decode-v3
034_Johnson_1997__ai__165,ai,034_Johnson_1997,mineral_concentration,na,n,above_ground,quercus_geminata_and_quercus_myrtifolia,pooled,pooled,ratio,ambient_co2,-0.197368,,Table 3,0,element='N'->n | tissue='Total vegetation'->above_ground | species='Quercus geminata and Quercus myrtifolia' [pooled] | CO2->pooled | lvl_suffix=[] tp_suffix=[] | T_desc='Elevated CO2 (ambient + 350 µL/L)' C_desc='Ambient CO2' | unit='%' | src='Table 3' || NOTE: species='Quercus geminata and Quercus myrtifolia' [pooled] ; CO2 e=350 a=365,ai-decode-v3
034_Johnson_1997__ai__166,ai,034_Johnson_1997,mineral_concentration,na,p,above_ground,quercus_geminata_and_quercus_myrtifolia,pooled,pooled,ratio,ambient_co2,-0.142857,,Table 3,0,element='P'->p | tissue='Total vegetation'->above_ground | species='Quercus geminata and Quercus myrtifolia' [pooled] | CO2->pooled | lvl_suffix=[] tp_suffix=[] | T_desc='Elevated CO2 (ambient + 350 µL/L)' C_desc='Ambient CO2' | unit='%' | src='Table 3' || NOTE: species='Quercus geminata and Quercus myrtifolia' [pooled] ; CO2 e=350 a=365,ai-decode-v3
034_Johnson_1997__ai__167,ai,034_Johnson_1997,mineral_concentration,na,k,above_ground,quercus_geminata_and_quercus_myrtifolia,pooled,pooled,ratio,ambient_co2,0,,Table 3,0,element='K'->k | tissue='Total vegetation'->above_ground | species='Quercus geminata and Quercus myrtifolia' [pooled] | CO2->pooled | lvl_suffix=[] tp_suffix=[] | T_desc='Elevated CO2 (ambient + 350 µL/L)' C_desc='Ambient CO2' | unit='%' | src='Table 3' || NOTE: species='Quercus geminata and Quercus myrtifolia' [pooled] ; CO2 e=350 a=365,ai-decode-v3
034_Johnson_1997__ai__168,ai,034_Johnson_1997,mineral_concentration,na,ca,above_ground,quercus_geminata_and_quercus_myrtifolia,pooled,pooled,ratio,ambient_co2,-0.230769,,Table 3,0,element='Ca'->ca | tissue='Total vegetation'->above_ground | species='Quercus geminata and Quercus myrtifolia' [pooled] | CO2->pooled | lvl_suffix=[] tp_suffix=[] | T_desc='Elevated CO2 (ambient + 350 µL/L)' C_desc='Ambient CO2' | unit='%' | src='Table 3' || NOTE: species='Quercus geminata and Quercus myrtifolia' [pooled] ; CO2 e=350 a=365,ai-decode-v3
034_Johnson_1997__ai__169,ai,034_Johnson_1997,mineral_concentration,na,mg,above_ground,quercus_geminata_and_quercus_myrtifolia,pooled,pooled,ratio,ambient_co2,-0.038961,,Table 3,0,element='Mg'->mg | tissue='Total vegetation'->above_ground | species='Quercus geminata and Quercus myrtifolia' [pooled] | CO2->pooled | lvl_suffix=[] tp_suffix=[] | T_desc='Elevated CO2 (ambient + 350 µL/L)' C_desc='Ambient CO2' | unit='%' | src='Table 3' || NOTE: species='Quercus geminata and Quercus myrtifolia' [pooled] ; CO2 e=350 a=365,ai-decode-v3
034_Johnson_1997__ai__170,ai,034_Johnson_1997,mineral_concentration,na,s,above_ground,quercus_geminata_and_quercus_myrtifolia,pooled,pooled,ratio,ambient_co2,-0.227811,,Table 3,0,element='S'->s | tissue='Total vegetation'->above_ground | species='Quercus geminata and Quercus myrtifolia' [pooled] | CO2->pooled | lvl_suffix=[] tp_suffix=[] | T_desc='Elevated CO2 (ambient + 350 µL/L)' C_desc='Ambient CO2' | unit='µg/g' | src='Table 3' || NOTE: species='Quercus geminata and Quercus myrtifolia' [pooled] ; CO2 e=350 a=365,ai-decode-v3
034_Johnson_1997__ai__171,ai,034_Johnson_1997,mineral_concentration,na,zn,above_ground,quercus_geminata_and_quercus_myrtifolia,pooled,pooled,ratio,ambient_co2,-0.054054,,Table 3,0,element='Zn'->zn | tissue='Total vegetation'->above_ground | species='Quercus geminata and Quercus myrtifolia' [pooled] | CO2->pooled | lvl_suffix=[] tp_suffix=[] | T_desc='Elevated CO2 (ambient + 350 µL/L)' C_desc='Ambient CO2' | unit='µg/g' | src='Table 3' || NOTE: species='Quercus geminata and Quercus myrtifolia' [pooled] ; CO2 e=350 a=365,ai-decode-v3
034_Johnson_1997__ai__172,ai,034_Johnson_1997,mineral_concentration,na,mn,above_ground,quercus_geminata_and_quercus_myrtifolia,pooled,pooled,ratio,ambient_co2,0.055556,,Table 3,0,element='Mn'->mn | tissue='Total vegetation'->above_ground | species='Quercus geminata and Quercus myrtifolia' [pooled] | CO2->pooled | lvl_suffix=[] tp_suffix=[] | T_desc='Elevated CO2 (ambient + 350 µL/L)' C_desc='Ambient CO2' | unit='µg/g' | src='Table 3' || NOTE: species='Quercus geminata and Quercus myrtifolia' [pooled] ; CO2 e=350 a=365,ai-decode-v3
034_Johnson_1997__ai__173,ai,034_Johnson_1997,mineral_concentration,na,fe,above_ground,quercus_geminata_and_quercus_myrtifolia,pooled,pooled,ratio,ambient_co2,-0.12069,,Table 3,0,element='Fe'->fe | tissue='Total vegetation'->above_ground | species='Quercus geminata and Quercus myrtifolia' [pooled] | CO2->pooled | lvl_suffix=[] tp_suffix=[] | T_desc='Elevated CO2 (ambient + 350 µL/L)' C_desc='Ambient CO2' | unit='µg/g' | src='Table 3' || NOTE: species='Quercus geminata and Quercus myrtifolia' [pooled] ; CO2 e=350 a=365,ai-decode-v3
034_Johnson_1997__ai__174,ai,034_Johnson_1997,mineral_concentration,na,cu,above_ground,quercus_geminata_and_quercus_myrtifolia,pooled,pooled,ratio,ambient_co2,0.137931,,Table 3,0,element='Cu'->cu | tissue='Total vegetation'->above_ground | species='Quercus geminata and Quercus myrtifolia' [pooled] | CO2->pooled | lvl_suffix=[] tp_suffix=[] | T_desc='Elevated CO2 (ambient + 350 µL/L)' C_desc='Ambient CO2' | unit='µg/g' | src='Table 3' || NOTE: species='Quercus geminata and Quercus myrtifolia' [pooled] ; CO2 e=350 a=365,ai-decode-v3
034_Johnson_1997__ai__175,ai,034_Johnson_1997,mineral_concentration,na,b,above_ground,quercus_geminata_and_quercus_myrtifolia,pooled,pooled,ratio,ambient_co2,-0.176471,,Table 3,0,element='B'->b | tissue='Total vegetation'->above_ground | species='Quercus geminata and Quercus myrtifolia' [pooled] | CO2->pooled | lvl_suffix=[] tp_suffix=[] | T_desc='Elevated CO2 (ambient + 350 µL/L)' C_desc='Ambient CO2' | unit='µg/g' | src='Table 3' || NOTE: species='Quercus geminata and Quercus myrtifolia' [pooled] ; CO2 e=350 a=365,ai-decode-v3
034_Johnson_1997__ai__176,ai,034_Johnson_1997,mineral_concentration,na,n,litter,quercus_geminata_and_quercus_myrtifolia,pooled,pooled,ratio,ambient_co2,0.01,,Table 3,0,element='N'->n | tissue='Litterfall'->litter | species='Quercus geminata and Quercus myrtifolia' [pooled] | CO2->pooled | lvl_suffix=[] tp_suffix=[] | T_desc='Elevated CO2 (ambient + 350 µL/L)' C_desc='Ambient CO2' | unit='%' | src='Table 3' || NOTE: tissue outside closed list (litter) -> documented attrition ; species='Quercus geminata and Quercus myrtifolia' [pooled] ; CO2 e=350 a=365,ai-decode-v3
034_Johnson_1997__ai__177,ai,034_Johnson_1997,mineral_concentration,na,p,litter,quercus_geminata_and_quercus_myrtifolia,pooled,pooled,ratio,ambient_co2,0.111111,,Table 3,0,element='P'->p | tissue='Litterfall'->litter | species='Quercus geminata and Quercus myrtifolia' [pooled] | CO2->pooled | lvl_suffix=[] tp_suffix=[] | T_desc='Elevated CO2 (ambient + 350 µL/L)' C_desc='Ambient CO2' | unit='%' | src='Table 3' || NOTE: tissue outside closed list (litter) -> documented attrition ; species='Quercus geminata and Quercus myrtifolia' [pooled] ; CO2 e=350 a=365,ai-decode-v3
034_Johnson_1997__ai__178,ai,034_Johnson_1997,mineral_concentration,na,k,litter,quercus_geminata_and_quercus_myrtifolia,pooled,pooled,ratio,ambient_co2,0.08,,Table 3,0,element='K'->k | tissue='Litterfall'->litter | species='Quercus geminata and Quercus myrtifolia' [pooled] | CO2->pooled | lvl_suffix=[] tp_suffix=[] | T_desc='Elevated CO2 (ambient + 350 µL/L)' C_desc='Ambient CO2' | unit='%' | src='Table 3' || NOTE: tissue outside closed list (litter) -> documented attrition ; species='Quercus geminata and Quercus myrtifolia' [pooled] ; CO2 e=350 a=365,ai-decode-v3
034_Johnson_1997__ai__179,ai,034_Johnson_1997,mineral_concentration,na,ca,litter,quercus_geminata_and_quercus_myrtifolia,pooled,pooled,ratio,ambient_co2,-0.2,,Table 3,0,element='Ca'->ca | tissue='Litterfall'->litter | species='Quercus geminata and Quercus myrtifolia' [pooled] | CO2->pooled | lvl_suffix=[] tp_suffix=[] | T_desc='Elevated CO2 (ambient + 350 µL/L)' C_desc='Ambient CO2' | unit='%' | src='Table 3' || NOTE: tissue outside closed list (litter) -> documented attrition ; species='Quercus geminata and Quercus myrtifolia' [pooled] ; CO2 e=350 a=365,ai-decode-v3
034_Johnson_1997__ai__180,ai,034_Johnson_1997,mineral_concentration,na,mg,litter,quercus_geminata_and_quercus_myrtifolia,pooled,pooled,ratio,ambient_co2,0.075758,,Table 3,0,element='Mg'->mg | tissue='Litterfall'->litter | species='Quercus geminata and Quercus myrtifolia' [pooled] | CO2->pooled | lvl_suffix=[] tp_suffix=[] | T_desc='Elevated CO2 (ambient + 350 µL/L)' C_desc='Ambient CO2' | unit='%' | src='Table 3' || NOTE: tissue outside closed list (litter) -> documented attrition ; species='Quercus geminata and Quercus myrtifolia' [pooled] ; CO2 e=350 a=365,ai-decode-v3
034_Johnson_1997__ai__181,ai,034_Johnson_1997,mineral_concentration,na,s,litter,quercus_geminata_and_quercus_myrtifolia,pooled,pooled,ratio,ambient_co2,-0.089606,,Table 3,0,element='S'->s | tissue='Litterfall'->litter | species='Quercus geminata and Quercus myrtifolia' [pooled] | CO2->pooled | lvl_suffix=[] tp_suffix=[] | T_desc='Elevated CO2 (ambient + 350 µL/L)' C_desc='Ambient CO2' | unit='µg/g' | src='Table 3' || NOTE: tissue outside closed list (litter) -> documented attrition ; species='Quercus geminata and Quercus myrtifolia' [pooled] ; CO2 e=350 a=365,ai-decode-v3
034_Johnson_1997__ai__182,ai,034_Johnson_1997,mineral_concentration,na,zn,litter,quercus_geminata_and_quercus_myrtifolia,pooled,pooled,ratio,ambient_co2,-0.033898,,Table 3,0,element='Zn'->zn | tissue='Litterfall'->litter | species='Quercus geminata and Quercus myrtifolia' [pooled] | CO2->pooled | lvl_suffix=[] tp_suffix=[] | T_desc='Elevated CO2 (ambient + 350 µL/L)' C_desc='Ambient CO2' | unit='µg/g' | src='Table 3' || NOTE: tissue outside closed list (litter) -> documented attrition ; species='Quercus geminata and Quercus myrtifolia' [pooled] ; CO2 e=350 a=365,ai-decode-v3
034_Johnson_1997__ai__183,ai,034_Johnson_1997,mineral_concentration,na,mn,litter,quercus_geminata_and_quercus_myrtifolia,pooled,pooled,ratio,ambient_co2,0.530303,,Table 3,0,element='Mn'->mn | tissue='Litterfall'->litter | species='Quercus geminata and Quercus myrtifolia' [pooled] | CO2->pooled | lvl_suffix=[] tp_suffix=[] | T_desc='Elevated CO2 (ambient + 350 µL/L)' C_desc='Ambient CO2' | unit='µg/g' | src='Table 3' || NOTE: tissue outside closed list (litter) -> documented attrition ; species='Quercus geminata and Quercus myrtifolia' [pooled] ; CO2 e=350 a=365,ai-decode-v3
034_Johnson_1997__ai__184,ai,034_Johnson_1997,mineral_concentration,na,fe,litter,quercus_geminata_and_quercus_myrtifolia,pooled,pooled,ratio,ambient_co2,-0.262857,,Table 3,0,element='Fe'->fe | tissue='Litterfall'->litter | species='Quercus geminata and Quercus myrtifolia' [pooled] | CO2->pooled | lvl_suffix=[] tp_suffix=[] | T_desc='Elevated CO2 (ambient + 350 µL/L)' C_desc='Ambient CO2' | unit='µg/g' | src='Table 3' || NOTE: tissue outside closed list (litter) -> documented attrition ; species='Quercus geminata and Quercus myrtifolia' [pooled] ; CO2 e=350 a=365,ai-decode-v3
034_Johnson_1997__ai__185,ai,034_Johnson_1997,mineral_concentration,na,cu,litter,quercus_geminata_and_quercus_myrtifolia,pooled,pooled,ratio,ambient_co2,-0.631579,,Table 3,0,element='Cu'->cu | tissue='Litterfall'->litter | species='Quercus geminata and Quercus myrtifolia' [pooled] | CO2->pooled | lvl_suffix=[] tp_suffix=[] | T_desc='Elevated CO2 (ambient + 350 µL/L)' C_desc='Ambient CO2' | unit='µg/g' | src='Table 3' || NOTE: tissue outside closed list (litter) -> documented attrition ; species='Quercus geminata and Quercus myrtifolia' [pooled] ; CO2 e=350 a=365,ai-decode-v3
034_Johnson_1997__ai__186,ai,034_Johnson_1997,mineral_concentration,na,b,litter,quercus_geminata_and_quercus_myrtifolia,pooled,pooled,ratio,ambient_co2,-0.222222,,Table 3,0,element='B'->b | tissue='Litterfall'->litter | species='Quercus geminata and Quercus myrtifolia' [pooled] | CO2->pooled | lvl_suffix=[] tp_suffix=[] | T_desc='Elevated CO2 (ambient + 350 µL/L)' C_desc='Ambient CO2' | unit='µg/g' | src='Table 3' || NOTE: tissue outside closed list (litter) -> documented attrition ; species='Quercus geminata and Quercus myrtifolia' [pooled] ; CO2 e=350 a=365,ai-decode-v3
034_Johnson_1997__ai__187,ai,034_Johnson_1997,mineral_concentration,na,n,litter,quercus_geminata_and_quercus_myrtifolia,pooled,pooled,ratio,ambient_co2,0,,Table 3,0,element='N'->n | tissue='Standing litter'->litter | species='Quercus geminata and Quercus myrtifolia' [pooled] | CO2->pooled | lvl_suffix=[] tp_suffix=[] | T_desc='Elevated CO2 (ambient + 350 µL/L)' C_desc='Ambient CO2' | unit='%' | src='Table 3' || NOTE: tissue outside closed list (litter) -> documented attrition ; species='Quercus geminata and Quercus myrtifolia' [pooled] ; CO2 e=350 a=365,ai-decode-v3
034_Johnson_1997__ai__188,ai,034_Johnson_1997,mineral_concentration,na,p,litter,quercus_geminata_and_quercus_myrtifolia,pooled,pooled,ratio,ambient_co2,0,,Table 3,0,element='P'->p | tissue='Standing litter'->litter | species='Quercus geminata and Quercus myrtifolia' [pooled] | CO2->pooled | lvl_suffix=[] tp_suffix=[] | T_desc='Elevated CO2 (ambient + 350 µL/L)' C_desc='Ambient CO2' | unit='%' | src='Table 3' || NOTE: tissue outside closed list (litter) -> documented attrition ; species='Quercus geminata and Quercus myrtifolia' [pooled] ; CO2 e=350 a=365,ai-decode-v3
034_Johnson_1997__ai__189,ai,034_Johnson_1997,mineral_concentration,na,k,litter,quercus_geminata_and_quercus_myrtifolia,pooled,pooled,ratio,ambient_co2,-0.294118,,Table 3,0,element='K'->k | tissue='Standing litter'->litter | species='Quercus geminata and Quercus myrtifolia' [pooled] | CO2->pooled | lvl_suffix=[] tp_suffix=[] | T_desc='Elevated CO2 (ambient + 350 µL/L)' C_desc='Ambient CO2' | unit='%' | src='Table 3' || NOTE: tissue outside closed list (litter) -> documented attrition ; species='Quercus geminata and Quercus myrtifolia' [pooled] ; CO2 e=350 a=365,ai-decode-v3
034_Johnson_1997__ai__190,ai,034_Johnson_1997,mineral_concentration,na,ca,litter,quercus_geminata_and_quercus_myrtifolia,pooled,pooled,ratio,ambient_co2,0,,Table 3,0,element='Ca'->ca | tissue='Standing litter'->litter | species='Quercus geminata and Quercus myrtifolia' [pooled] | CO2->pooled | lvl_suffix=[] tp_suffix=[] | T_desc='Elevated CO2 (ambient + 350 µL/L)' C_desc='Ambient CO2' | unit='%' | src='Table 3' || NOTE: tissue outside closed list (litter) -> documented attrition ; species='Quercus geminata and Quercus myrtifolia' [pooled] ; CO2 e=350 a=365,ai-decode-v3
034_Johnson_1997__ai__191,ai,034_Johnson_1997,mineral_concentration,na,mg,litter,quercus_geminata_and_quercus_myrtifolia,pooled,pooled,ratio,ambient_co2,0.108696,,Table 3,0,element='Mg'->mg | tissue='Standing litter'->litter | species='Quercus geminata and Quercus myrtifolia' [pooled] | CO2->pooled | lvl_suffix=[] tp_suffix=[] | T_desc='Elevated CO2 (ambient + 350 µL/L)' C_desc='Ambient CO2' | unit='%' | src='Table 3' || NOTE: tissue outside closed list (litter) -> documented attrition ; species='Quercus geminata and Quercus myrtifolia' [pooled] ; CO2 e=350 a=365,ai-decode-v3
034_Johnson_1997__ai__192,ai,034_Johnson_1997,mineral_concentration,na,s,litter,quercus_geminata_and_quercus_myrtifolia,pooled,pooled,ratio,ambient_co2,-0.210909,,Table 3,0,element='S'->s | tissue='Standing litter'->litter | species='Quercus geminata and Quercus myrtifolia' [pooled] | CO2->pooled | lvl_suffix=[] tp_suffix=[] | T_desc='Elevated CO2 (ambient + 350 µL/L)' C_desc='Ambient CO2' | unit='µg/g' | src='Table 3' || NOTE: tissue outside closed list (litter) -> documented attrition ; species='Quercus geminata and Quercus myrtifolia' [pooled] ; CO2 e=350 a=365,ai-decode-v3
034_Johnson_1997__ai__193,ai,034_Johnson_1997,mineral_concentration,na,zn,litter,quercus_geminata_and_quercus_myrtifolia,pooled,pooled,ratio,ambient_co2,0,,Table 3,0,element='Zn'->zn | tissue='Standing litter'->litter | species='Quercus geminata and Quercus myrtifolia' [pooled] | CO2->pooled | lvl_suffix=[] tp_suffix=[] | T_desc='Elevated CO2 (ambient + 350 µL/L)' C_desc='Ambient CO2' | unit='µg/g' | src='Table 3' || NOTE: tissue outside closed list (litter) -> documented attrition ; species='Quercus geminata and Quercus myrtifolia' [pooled] ; CO2 e=350 a=365,ai-decode-v3
034_Johnson_1997__ai__194,ai,034_Johnson_1997,mineral_concentration,na,mn,litter,quercus_geminata_and_quercus_myrtifolia,pooled,pooled,ratio,ambient_co2,0.666667,,Table 3,0,element='Mn'->mn | tissue='Standing litter'->litter | species='Quercus geminata and Quercus myrtifolia' [pooled] | CO2->pooled | lvl_suffix=[] tp_suffix=[] | T_desc='Elevated CO2 (ambient + 350 µL/L)' C_desc='Ambient CO2' | unit='µg/g' | src='Table 3' || NOTE: tissue outside closed list (litter) -> documented attrition ; species='Quercus geminata and Quercus myrtifolia' [pooled] ; CO2 e=350 a=365,ai-decode-v3
034_Johnson_1997__ai__195,ai,034_Johnson_1997,mineral_concentration,na,fe,litter,quercus_geminata_and_quercus_myrtifolia,pooled,pooled,ratio,ambient_co2,0,,Table 3,0,element='Fe'->fe | tissue='Standing litter'->litter | species='Quercus geminata and Quercus myrtifolia' [pooled] | CO2->pooled | lvl_suffix=[] tp_suffix=[] | T_desc='Elevated CO2 (ambient + 350 µL/L)' C_desc='Ambient CO2' | unit='µg/g' | src='Table 3' || NOTE: tissue outside closed list (litter) -> documented attrition ; species='Quercus geminata and Quercus myrtifolia' [pooled] ; CO2 e=350 a=365,ai-decode-v3
034_Johnson_1997__ai__196,ai,034_Johnson_1997,mineral_concentration,na,cu,litter,quercus_geminata_and_quercus_myrtifolia,pooled,pooled,ratio,ambient_co2,0,,Table 3,0,element='Cu'->cu | tissue='Standing litter'->litter | species='Quercus geminata and Quercus myrtifolia' [pooled] | CO2->pooled | lvl_suffix=[] tp_suffix=[] | T_desc='Elevated CO2 (ambient + 350 µL/L)' C_desc='Ambient CO2' | unit='µg/g' | src='Table 3' || NOTE: tissue outside closed list (litter) -> documented attrition ; species='Quercus geminata and Quercus myrtifolia' [pooled] ; CO2 e=350 a=365,ai-decode-v3
034_Johnson_1997__ai__197,ai,034_Johnson_1997,mineral_concentration,na,b,litter,quercus_geminata_and_quercus_myrtifolia,pooled,pooled,ratio,ambient_co2,-0.5,,Table 3,0,element='B'->b | tissue='Standing litter'->litter | species='Quercus geminata and Quercus myrtifolia' [pooled] | CO2->pooled | lvl_suffix=[] tp_suffix=[] | T_desc='Elevated CO2 (ambient + 350 µL/L)' C_desc='Ambient CO2' | unit='µg/g' | src='Table 3' || NOTE: tissue outside closed list (litter) -> documented attrition ; species='Quercus geminata and Quercus myrtifolia' [pooled] ; CO2 e=350 a=365,ai-decode-v3
